2026-08-20 12:42:47,078 [INFO] youtube_downloader: Initializing application and checking dependencies...
2026-08-20 12:42:47,096 [INFO] youtube_downloader: FFmpeg is available in local bin folder: C:\Users\admin\Desktop\youtube-downloader\bin
2026-08-20 12:42:47,096 [INFO] youtube_downloader: FFmpeg verification passed.
2026-08-20 12:42:56,169 [INFO] youtube_downloader: Analyzing URL: https://www.youtube.com/watch?v=jNQXAC9IVRw
2026-08-20 12:42:56,176 [INFO] youtube_downloader: FFmpeg is available in system PATH.
2026-08-20 12:43:22,653 [INFO] youtube_downloader: Initializing application and checking dependencies...
2026-08-20 12:43:22,676 [INFO] youtube_downloader: FFmpeg is available in local bin folder: C:\Users\admin\Desktop\youtube-downloader\bin
2026-08-20 12:43:22,677 [INFO] youtube_downloader: FFmpeg verification passed.
2026-08-20 12:43:36,457 [INFO] youtube_downloader: Analyzing URL (POST): https://www.youtube.com/watch?v=jNQXAC9IVRw
2026-08-20 12:43:36,462 [INFO] youtube_downloader: FFmpeg is available in system PATH.
2026-08-20 12:43:39,723 [INFO] youtube_downloader: Analyzing URL (GET): https://www.youtube.com/watch?v=jNQXAC9IVRw
2026-08-20 12:43:39,727 [INFO] youtube_downloader: FFmpeg is available in system PATH.
2026-08-20 12:53:30,353 [INFO] youtube_downloader: Initializing application and checking dependencies...
2026-08-20 12:53:30,406 [INFO] youtube_downloader: FFmpeg is available in local bin folder: C:\Users\admin\Desktop\youtube-downloader\bin
2026-08-20 12:53:30,407 [INFO] youtube_downloader: FFmpeg verification passed.
2026-08-20 14:08:13,547 [INFO] youtube_downloader: Initializing application and checking dependencies...
2026-08-20 14:08:13,570 [INFO] youtube_downloader: FFmpeg is available in local bin folder: C:\Users\admin\Desktop\youtube-downloader\bin
2026-08-20 14:08:13,570 [INFO] youtube_downloader: FFmpeg verification passed.
2026-08-20 14:10:23,651 [INFO] youtube_downloader: Initializing application and checking dependencies...
2026-08-20 14:10:23,668 [INFO] youtube_downloader: FFmpeg is available in local bin folder: C:\Users\admin\Desktop\youtube-downloader\bin
2026-08-20 14:10:23,668 [INFO] youtube_downloader: FFmpeg verification passed.
2026-08-20 14:12:20,069 [INFO] httpx: HTTP Request: GET http://testserver/ "HTTP/1.1 200 OK"
2026-08-20 14:13:42,544 [INFO] youtube_downloader: Initializing application and checking dependencies...
2026-08-20 14:13:42,565 [INFO] youtube_downloader: FFmpeg is available in local bin folder: C:\Users\admin\Desktop\youtube-downloader\bin
2026-08-20 14:13:42,566 [INFO] youtube_downloader: FFmpeg verification passed.
2026-08-20 14:13:57,213 [INFO] youtube_downloader: Analyzing URL (POST): https://youtu.be/J6JnGA7De-8?si=kFYjPWWO6_PD7F3p
2026-08-20 14:13:57,216 [INFO] youtube_downloader: FFmpeg is available in system PATH.
2026-08-20 14:14:36,453 [INFO] youtube_downloader: Scheduling download for: https://youtu.be/J6JnGA7De-8?si=kFYjPWWO6_PD7F3p | format=mp3 | quality=320
2026-08-20 14:14:36,464 [INFO] youtube_downloader: FFmpeg is available in system PATH.
2026-08-20 14:14:44,752 [INFO] youtube_downloader: Task 19de4f26-c2a4-4186-b897-5ec963c3b923 updated: status=preparing, progress=0.0%, error=None
2026-08-20 14:14:44,752 [INFO] youtube_downloader: Task 19de4f26-c2a4-4186-b897-5ec963c3b923 updated: status=preparing, progress=0.0%, error=None
2026-08-20 14:14:44,781 [INFO] youtube_downloader: FFmpeg is available in system PATH.
2026-08-20 14:14:44,783 [INFO] youtube_downloader: Task 19de4f26-c2a4-4186-b897-5ec963c3b923 updated: status=fetching video information, progress=5.0%, error=None
2026-08-20 14:14:48,510 [INFO] youtube_downloader: Task 19de4f26-c2a4-4186-b897-5ec963c3b923 updated: status=fetching thumbnail, progress=8.0%, error=None
2026-08-20 14:14:49,736 [INFO] youtube_downloader: Task 19de4f26-c2a4-4186-b897-5ec963c3b923 updated: status=downloading audio, progress=10.0%, error=None
2026-08-20 14:15:13,627 [INFO] youtube_downloader: Task 19de4f26-c2a4-4186-b897-5ec963c3b923 updated: status=error, progress=0.0%, error=Network error: Unable to reach YouTube. Please check your internet connection.
2026-08-20 14:15:13,636 [INFO] youtube_downloader: Cleaned up temporary workspace: C:\Users\admin\Desktop\youtube-downloader\temp\19de4f26-c2a4-4186-b897-5ec963c3b923
2026-08-20 14:15:18,761 [INFO] youtube_downloader: Scheduling download for: https://youtu.be/J6JnGA7De-8?si=kFYjPWWO6_PD7F3p | format=mp3 | quality=320
2026-08-20 14:15:18,765 [INFO] youtube_downloader: FFmpeg is available in system PATH.
2026-08-20 14:15:22,660 [INFO] youtube_downloader: Task 2f486887-f796-433c-9124-61ffa2b67498 updated: status=preparing, progress=0.0%, error=None
2026-08-20 14:15:22,661 [INFO] youtube_downloader: Task 2f486887-f796-433c-9124-61ffa2b67498 updated: status=preparing, progress=0.0%, error=None
2026-08-20 14:15:22,667 [INFO] youtube_downloader: FFmpeg is available in system PATH.
2026-08-20 14:15:22,667 [INFO] youtube_downloader: Task 2f486887-f796-433c-9124-61ffa2b67498 updated: status=fetching video information, progress=5.0%, error=None
2026-08-20 14:15:26,348 [INFO] youtube_downloader: Task 2f486887-f796-433c-9124-61ffa2b67498 updated: status=fetching thumbnail, progress=8.0%, error=None
2026-08-20 14:15:27,160 [INFO] youtube_downloader: Task 2f486887-f796-433c-9124-61ffa2b67498 updated: status=downloading audio, progress=10.0%, error=None
2026-08-20 14:15:31,247 [INFO] youtube_downloader: Task 2f486887-f796-433c-9124-61ffa2b67498 updated: status=downloading, progress=10.0%, error=None
2026-08-20 14:15:31,251 [INFO] youtube_downloader: Task 2f486887-f796-433c-9124-61ffa2b67498 updated: status=downloading, progress=10.1%, error=None
2026-08-20 14:15:31,255 [INFO] youtube_downloader: Task 2f486887-f796-433c-9124-61ffa2b67498 updated: status=downloading, progress=10.2%, error=None
2026-08-20 14:15:31,263 [INFO] youtube_downloader: Task 2f486887-f796-433c-9124-61ffa2b67498 updated: status=downloading, progress=10.5%, error=None
2026-08-20 14:15:31,269 [INFO] youtube_downloader: Task 2f486887-f796-433c-9124-61ffa2b67498 updated: status=downloading, progress=11.1%, error=None
2026-08-20 14:15:31,278 [INFO] youtube_downloader: Task 2f486887-f796-433c-9124-61ffa2b67498 updated: status=downloading, progress=12.1%, error=None
2026-08-20 14:15:31,286 [INFO] youtube_downloader: Task 2f486887-f796-433c-9124-61ffa2b67498 updated: status=downloading, progress=14.3%, error=None
2026-08-20 14:15:31,304 [INFO] youtube_downloader: Task 2f486887-f796-433c-9124-61ffa2b67498 updated: status=downloading, progress=18.7%, error=None
2026-08-20 14:15:31,331 [INFO] youtube_downloader: Task 2f486887-f796-433c-9124-61ffa2b67498 updated: status=downloading, progress=27.4%, error=None
2026-08-20 14:15:31,361 [INFO] youtube_downloader: Task 2f486887-f796-433c-9124-61ffa2b67498 updated: status=downloading, progress=44.9%, error=None
2026-08-20 14:15:31,414 [INFO] youtube_downloader: Task 2f486887-f796-433c-9124-61ffa2b67498 updated: status=downloading, progress=75.0%, error=None
2026-08-20 14:15:31,425 [INFO] youtube_downloader: Task 2f486887-f796-433c-9124-61ffa2b67498 updated: status=processing, progress=75.0%, error=None
2026-08-20 14:15:31,603 [INFO] youtube_downloader: Task 2f486887-f796-433c-9124-61ffa2b67498 updated: status=processing (converting to MP3), progress=80.0%, error=None
2026-08-20 14:15:31,604 [INFO] youtube_downloader: Running FFmpeg command: ffmpeg -y -i C:\Users\admin\Desktop\youtube-downloader\temp\2f486887-f796-433c-9124-61ffa2b67498\audio.webm -b:a 320k -vn C:\Users\admin\Desktop\youtube-downloader\temp\2f486887-f796-433c-9124-61ffa2b67498\output.mp3
2026-08-20 14:15:36,919 [INFO] youtube_downloader: Task 2f486887-f796-433c-9124-61ffa2b67498 updated: status=embedding thumbnail & tags, progress=90.0%, error=None
2026-08-20 14:15:36,967 [INFO] youtube_downloader: Successfully embedded MP3 metadata and artwork for output.mp3
2026-08-20 14:15:36,989 [INFO] youtube_downloader: Task 2f486887-f796-433c-9124-61ffa2b67498 updated: status=finalizing, progress=95.0%, error=None
2026-08-20 14:15:36,995 [INFO] youtube_downloader: Task 2f486887-f796-433c-9124-61ffa2b67498 updated: status=ready, progress=100.0%, error=None
2026-08-20 14:15:37,001 [INFO] youtube_downloader: Cleaned up temporary workspace: C:\Users\admin\Desktop\youtube-downloader\temp\2f486887-f796-433c-9124-61ffa2b67498
2026-08-20 14:15:37,617 [INFO] youtube_downloader: Cleaned up served download file: C:\Users\admin\Desktop\youtube-downloader\downloads\OM DEVA DEVA ( 150 BPM ) GANESH CHATURTHI 2K25 DJ SANSKAR BHILAI.mp3
2026-08-20 14:17:36,630 [INFO] youtube_downloader: Initializing application and checking dependencies...
2026-08-20 14:17:36,648 [INFO] youtube_downloader: FFmpeg is available in local bin folder: C:\Users\admin\Desktop\youtube-downloader\bin
2026-08-20 14:17:36,648 [INFO] youtube_downloader: FFmpeg verification passed.
2026-08-20 14:17:48,924 [INFO] youtube_downloader: Analyzing URL (POST): https://youtu.be/J6JnGA7De-8?si=9lK_eeyzg9YqtEUu
2026-08-20 14:17:48,934 [INFO] youtube_downloader: FFmpeg is available in system PATH.
2026-08-20 14:17:56,306 [INFO] youtube_downloader: Scheduling download for: https://youtu.be/J6JnGA7De-8?si=9lK_eeyzg9YqtEUu | format=mp3 | quality=320
2026-08-20 14:17:56,314 [INFO] youtube_downloader: FFmpeg is available in system PATH.
2026-08-20 14:18:00,125 [INFO] youtube_downloader: Task e29fe044-2546-43a4-b099-d13730e17d7c updated: status=preparing, progress=0.0%, error=None
2026-08-20 14:18:00,127 [INFO] youtube_downloader: Task e29fe044-2546-43a4-b099-d13730e17d7c updated: status=preparing, progress=0.0%, error=None
2026-08-20 14:18:00,135 [INFO] youtube_downloader: FFmpeg is available in system PATH.
2026-08-20 14:18:00,136 [INFO] youtube_downloader: Task e29fe044-2546-43a4-b099-d13730e17d7c updated: status=fetching video information, progress=5.0%, error=None
2026-08-20 14:18:03,565 [INFO] youtube_downloader: Task e29fe044-2546-43a4-b099-d13730e17d7c updated: status=fetching thumbnail, progress=8.0%, error=None
2026-08-20 14:18:04,471 [INFO] youtube_downloader: Task e29fe044-2546-43a4-b099-d13730e17d7c updated: status=downloading audio, progress=10.0%, error=None
2026-08-20 14:18:07,820 [INFO] youtube_downloader: Task e29fe044-2546-43a4-b099-d13730e17d7c updated: status=downloading (0.0 MB), progress=10.0%, error=None
2026-08-20 14:18:07,828 [INFO] youtube_downloader: Task e29fe044-2546-43a4-b099-d13730e17d7c updated: status=downloading (0.0 MB), progress=10.1%, error=None
2026-08-20 14:18:07,836 [INFO] youtube_downloader: Task e29fe044-2546-43a4-b099-d13730e17d7c updated: status=downloading (0.0 MB), progress=10.2%, error=None
2026-08-20 14:18:07,850 [INFO] youtube_downloader: Task e29fe044-2546-43a4-b099-d13730e17d7c updated: status=downloading (0.0 MB), progress=10.5%, error=None
2026-08-20 14:18:07,868 [INFO] youtube_downloader: Task e29fe044-2546-43a4-b099-d13730e17d7c updated: status=downloading (0.0 MB), progress=11.1%, error=None
2026-08-20 14:18:07,906 [INFO] youtube_downloader: Task e29fe044-2546-43a4-b099-d13730e17d7c updated: status=downloading (0.1 MB), progress=12.1%, error=None
2026-08-20 14:18:07,957 [INFO] youtube_downloader: Task e29fe044-2546-43a4-b099-d13730e17d7c updated: status=downloading (0.1 MB), progress=14.3%, error=None
2026-08-20 14:18:07,964 [INFO] youtube_downloader: Task e29fe044-2546-43a4-b099-d13730e17d7c updated: status=downloading (0.2 MB), progress=18.7%, error=None
2026-08-20 14:18:07,971 [INFO] youtube_downloader: Task e29fe044-2546-43a4-b099-d13730e17d7c updated: status=downloading (0.5 MB), progress=27.4%, error=None
2026-08-20 14:18:07,998 [INFO] youtube_downloader: Task e29fe044-2546-43a4-b099-d13730e17d7c updated: status=downloading (1.0 MB), progress=44.9%, error=None
2026-08-20 14:18:08,017 [INFO] youtube_downloader: Task e29fe044-2546-43a4-b099-d13730e17d7c updated: status=downloading (1.9 MB), progress=75.0%, error=None
2026-08-20 14:18:08,022 [INFO] youtube_downloader: Task e29fe044-2546-43a4-b099-d13730e17d7c updated: status=processing, progress=75.0%, error=None
2026-08-20 14:18:08,196 [INFO] youtube_downloader: Task e29fe044-2546-43a4-b099-d13730e17d7c updated: status=processing (converting to MP3), progress=80.0%, error=None
2026-08-20 14:18:08,198 [INFO] youtube_downloader: Running FFmpeg command: ffmpeg -y -i C:\Users\admin\Desktop\youtube-downloader\temp\e29fe044-2546-43a4-b099-d13730e17d7c\audio.webm -b:a 320k -vn C:\Users\admin\Desktop\youtube-downloader\temp\e29fe044-2546-43a4-b099-d13730e17d7c\output.mp3
2026-08-20 14:18:14,306 [INFO] youtube_downloader: Task e29fe044-2546-43a4-b099-d13730e17d7c updated: status=embedding thumbnail & tags, progress=90.0%, error=None
2026-08-20 14:18:14,354 [INFO] youtube_downloader: Successfully embedded MP3 metadata and artwork for output.mp3
2026-08-20 14:18:14,382 [INFO] youtube_downloader: Task e29fe044-2546-43a4-b099-d13730e17d7c updated: status=finalizing, progress=95.0%, error=None
2026-08-20 14:18:14,387 [INFO] youtube_downloader: Task e29fe044-2546-43a4-b099-d13730e17d7c updated: status=ready, progress=100.0%, error=None
2026-08-20 14:18:14,391 [INFO] youtube_downloader: Cleaned up temporary workspace: C:\Users\admin\Desktop\youtube-downloader\temp\e29fe044-2546-43a4-b099-d13730e17d7c
2026-08-20 14:18:15,711 [INFO] youtube_downloader: Cleaned up served download file: C:\Users\admin\Desktop\youtube-downloader\downloads\OM DEVA DEVA ( 150 BPM ) GANESH CHATURTHI 2K25 DJ SANSKAR BHILAI.mp3
2026-08-20 14:22:41,219 [INFO] youtube_downloader: Initializing application and checking dependencies...
2026-08-20 14:22:41,236 [INFO] youtube_downloader: FFmpeg is available in local bin folder: C:\Users\admin\Desktop\youtube-downloader\bin
2026-08-20 14:22:41,237 [INFO] youtube_downloader: FFmpeg verification passed.
2026-08-20 14:22:53,733 [INFO] youtube_downloader: Analyzing URL (POST): https://youtu.be/J6JnGA7De-8?si=lZMA7S7YuUXhEUEq
2026-08-20 14:22:53,736 [INFO] youtube_downloader: FFmpeg is available in system PATH.
2026-08-20 14:23:00,490 [INFO] youtube_downloader: Scheduling download for: https://youtu.be/J6JnGA7De-8?si=lZMA7S7YuUXhEUEq | format=mp3 | quality=320
2026-08-20 14:23:00,500 [INFO] youtube_downloader: FFmpeg is available in system PATH.
2026-08-20 14:23:04,305 [INFO] youtube_downloader: Task 91c5eb4d-b280-4412-bdff-0b7902af2b53 updated: status=preparing, progress=0.0%, error=None
2026-08-20 14:23:04,306 [INFO] youtube_downloader: Task 91c5eb4d-b280-4412-bdff-0b7902af2b53 updated: status=preparing, progress=0.0%, error=None
2026-08-20 14:23:04,311 [INFO] youtube_downloader: FFmpeg is available in system PATH.
2026-08-20 14:23:04,312 [INFO] youtube_downloader: Task 91c5eb4d-b280-4412-bdff-0b7902af2b53 updated: status=fetching video information, progress=5.0%, error=None
2026-08-20 14:23:07,870 [INFO] youtube_downloader: Task 91c5eb4d-b280-4412-bdff-0b7902af2b53 updated: status=fetching thumbnail, progress=8.0%, error=None
2026-08-20 14:23:08,956 [INFO] youtube_downloader: Running FFmpeg command: ffmpeg -y -i C:\Users\admin\Desktop\youtube-downloader\temp\91c5eb4d-b280-4412-bdff-0b7902af2b53\thumb_raw C:\Users\admin\Desktop\youtube-downloader\temp\91c5eb4d-b280-4412-bdff-0b7902af2b53\thumb.jpg
2026-08-20 14:23:09,253 [INFO] youtube_downloader: Successfully standardized downloaded thumbnail to JPEG.
2026-08-20 14:23:09,253 [INFO] youtube_downloader: Task 91c5eb4d-b280-4412-bdff-0b7902af2b53 updated: status=downloading audio, progress=10.0%, error=None
2026-08-20 14:23:14,068 [INFO] youtube_downloader: Task 91c5eb4d-b280-4412-bdff-0b7902af2b53 updated: status=downloading (0.0 MB), progress=10.0%, error=None
2026-08-20 14:23:14,073 [INFO] youtube_downloader: Task 91c5eb4d-b280-4412-bdff-0b7902af2b53 updated: status=downloading (0.0 MB), progress=10.1%, error=None
2026-08-20 14:23:14,078 [INFO] youtube_downloader: Task 91c5eb4d-b280-4412-bdff-0b7902af2b53 updated: status=downloading (0.0 MB), progress=10.2%, error=None
2026-08-20 14:23:14,085 [INFO] youtube_downloader: Task 91c5eb4d-b280-4412-bdff-0b7902af2b53 updated: status=downloading (0.0 MB), progress=10.5%, error=None
2026-08-20 14:23:14,093 [INFO] youtube_downloader: Task 91c5eb4d-b280-4412-bdff-0b7902af2b53 updated: status=downloading (0.0 MB), progress=11.1%, error=None
2026-08-20 14:23:14,104 [INFO] youtube_downloader: Task 91c5eb4d-b280-4412-bdff-0b7902af2b53 updated: status=downloading (0.1 MB), progress=12.1%, error=None
2026-08-20 14:23:14,118 [INFO] youtube_downloader: Task 91c5eb4d-b280-4412-bdff-0b7902af2b53 updated: status=downloading (0.1 MB), progress=14.3%, error=None
2026-08-20 14:23:14,128 [INFO] youtube_downloader: Task 91c5eb4d-b280-4412-bdff-0b7902af2b53 updated: status=downloading (0.2 MB), progress=18.7%, error=None
2026-08-20 14:23:14,143 [INFO] youtube_downloader: Task 91c5eb4d-b280-4412-bdff-0b7902af2b53 updated: status=downloading (0.5 MB), progress=27.4%, error=None
2026-08-20 14:23:14,159 [INFO] youtube_downloader: Task 91c5eb4d-b280-4412-bdff-0b7902af2b53 updated: status=downloading (1.0 MB), progress=44.9%, error=None
2026-08-20 14:23:14,191 [INFO] youtube_downloader: Task 91c5eb4d-b280-4412-bdff-0b7902af2b53 updated: status=downloading (1.9 MB), progress=75.0%, error=None
2026-08-20 14:23:14,203 [INFO] youtube_downloader: Task 91c5eb4d-b280-4412-bdff-0b7902af2b53 updated: status=processing, progress=75.0%, error=None
2026-08-20 14:23:14,527 [INFO] youtube_downloader: Task 91c5eb4d-b280-4412-bdff-0b7902af2b53 updated: status=processing (converting to MP3), progress=80.0%, error=None
2026-08-20 14:23:14,529 [INFO] youtube_downloader: Running FFmpeg command: ffmpeg -y -i C:\Users\admin\Desktop\youtube-downloader\temp\91c5eb4d-b280-4412-bdff-0b7902af2b53\audio.webm -b:a 320k -vn C:\Users\admin\Desktop\youtube-downloader\temp\91c5eb4d-b280-4412-bdff-0b7902af2b53\output.mp3
2026-08-20 14:23:20,310 [INFO] youtube_downloader: Task 91c5eb4d-b280-4412-bdff-0b7902af2b53 updated: status=embedding thumbnail & tags, progress=90.0%, error=None
2026-08-20 14:23:20,354 [INFO] youtube_downloader: Successfully embedded MP3 metadata and artwork for output.mp3
2026-08-20 14:23:20,408 [INFO] youtube_downloader: Task 91c5eb4d-b280-4412-bdff-0b7902af2b53 updated: status=finalizing, progress=95.0%, error=None
2026-08-20 14:23:20,419 [INFO] youtube_downloader: Task 91c5eb4d-b280-4412-bdff-0b7902af2b53 updated: status=ready, progress=100.0%, error=None
2026-08-20 14:23:20,425 [INFO] youtube_downloader: Cleaned up temporary workspace: C:\Users\admin\Desktop\youtube-downloader\temp\91c5eb4d-b280-4412-bdff-0b7902af2b53
2026-08-20 14:23:21,781 [INFO] youtube_downloader: Cleaned up served download file: C:\Users\admin\Desktop\youtube-downloader\downloads\OM DEVA DEVA ( 150 BPM ) GANESH CHATURTHI 2K25 DJ SANSKAR BHILAI.mp3
2026-08-20 14:24:15,750 [INFO] youtube_downloader: Analyzing URL (POST): https://youtu.be/sWLnZutWUPI?si=UVgQO4mPZvC76Q_R
2026-08-20 14:24:15,754 [INFO] youtube_downloader: FFmpeg is available in system PATH.
2026-08-20 14:24:22,961 [INFO] youtube_downloader: Scheduling download for: https://youtu.be/sWLnZutWUPI?si=UVgQO4mPZvC76Q_R | format=mp3 | quality=320
2026-08-20 14:24:22,972 [INFO] youtube_downloader: FFmpeg is available in system PATH.
2026-08-20 14:24:27,240 [INFO] youtube_downloader: Task 4123915c-5895-4d80-98e8-b140868b3d20 updated: status=preparing, progress=0.0%, error=None
2026-08-20 14:24:27,242 [INFO] youtube_downloader: Task 4123915c-5895-4d80-98e8-b140868b3d20 updated: status=preparing, progress=0.0%, error=None
2026-08-20 14:24:27,252 [INFO] youtube_downloader: FFmpeg is available in system PATH.
2026-08-20 14:24:27,253 [INFO] youtube_downloader: Task 4123915c-5895-4d80-98e8-b140868b3d20 updated: status=fetching video information, progress=5.0%, error=None
2026-08-20 14:24:31,433 [INFO] youtube_downloader: Task 4123915c-5895-4d80-98e8-b140868b3d20 updated: status=fetching thumbnail, progress=8.0%, error=None
2026-08-20 14:24:32,902 [INFO] youtube_downloader: Running FFmpeg command: ffmpeg -y -i C:\Users\admin\Desktop\youtube-downloader\temp\4123915c-5895-4d80-98e8-b140868b3d20\thumb_raw C:\Users\admin\Desktop\youtube-downloader\temp\4123915c-5895-4d80-98e8-b140868b3d20\thumb.jpg
2026-08-20 14:24:33,150 [INFO] youtube_downloader: Successfully standardized downloaded thumbnail to JPEG.
2026-08-20 14:24:33,150 [INFO] youtube_downloader: Task 4123915c-5895-4d80-98e8-b140868b3d20 updated: status=downloading audio, progress=10.0%, error=None
2026-08-20 14:24:37,823 [INFO] youtube_downloader: Task 4123915c-5895-4d80-98e8-b140868b3d20 updated: status=downloading (0.0 MB), progress=10.0%, error=None
2026-08-20 14:24:37,827 [INFO] youtube_downloader: Task 4123915c-5895-4d80-98e8-b140868b3d20 updated: status=downloading (0.0 MB), progress=10.1%, error=None
2026-08-20 14:24:37,836 [INFO] youtube_downloader: Task 4123915c-5895-4d80-98e8-b140868b3d20 updated: status=downloading (0.0 MB), progress=10.2%, error=None
2026-08-20 14:24:37,843 [INFO] youtube_downloader: Task 4123915c-5895-4d80-98e8-b140868b3d20 updated: status=downloading (0.0 MB), progress=10.3%, error=None
2026-08-20 14:24:37,851 [INFO] youtube_downloader: Task 4123915c-5895-4d80-98e8-b140868b3d20 updated: status=downloading (0.0 MB), progress=10.7%, error=None
2026-08-20 14:24:37,987 [INFO] youtube_downloader: Task 4123915c-5895-4d80-98e8-b140868b3d20 updated: status=downloading (0.1 MB), progress=11.4%, error=None
2026-08-20 14:24:38,022 [INFO] youtube_downloader: Task 4123915c-5895-4d80-98e8-b140868b3d20 updated: status=downloading (0.1 MB), progress=12.8%, error=None
2026-08-20 14:24:38,066 [INFO] youtube_downloader: Task 4123915c-5895-4d80-98e8-b140868b3d20 updated: status=downloading (0.2 MB), progress=15.5%, error=None
2026-08-20 14:24:38,197 [INFO] youtube_downloader: Task 4123915c-5895-4d80-98e8-b140868b3d20 updated: status=downloading (0.5 MB), progress=21.1%, error=None
2026-08-20 14:24:38,229 [INFO] youtube_downloader: Task 4123915c-5895-4d80-98e8-b140868b3d20 updated: status=downloading (1.0 MB), progress=32.2%, error=None
2026-08-20 14:24:38,311 [INFO] youtube_downloader: Task 4123915c-5895-4d80-98e8-b140868b3d20 updated: status=downloading (2.0 MB), progress=54.5%, error=None
2026-08-20 14:24:38,412 [INFO] youtube_downloader: Task 4123915c-5895-4d80-98e8-b140868b3d20 updated: status=downloading (2.9 MB), progress=75.0%, error=None
2026-08-20 14:24:38,429 [INFO] youtube_downloader: Task 4123915c-5895-4d80-98e8-b140868b3d20 updated: status=processing, progress=75.0%, error=None
2026-08-20 14:24:38,801 [INFO] youtube_downloader: Task 4123915c-5895-4d80-98e8-b140868b3d20 updated: status=processing (converting to MP3), progress=80.0%, error=None
2026-08-20 14:24:38,802 [INFO] youtube_downloader: Running FFmpeg command: ffmpeg -y -i C:\Users\admin\Desktop\youtube-downloader\temp\4123915c-5895-4d80-98e8-b140868b3d20\audio.webm -b:a 320k -vn C:\Users\admin\Desktop\youtube-downloader\temp\4123915c-5895-4d80-98e8-b140868b3d20\output.mp3
2026-08-20 14:24:47,712 [INFO] youtube_downloader: Task 4123915c-5895-4d80-98e8-b140868b3d20 updated: status=embedding thumbnail & tags, progress=90.0%, error=None
2026-08-20 14:24:47,749 [INFO] youtube_downloader: Successfully embedded MP3 metadata and artwork for output.mp3
2026-08-20 14:24:47,775 [INFO] youtube_downloader: Task 4123915c-5895-4d80-98e8-b140868b3d20 updated: status=finalizing, progress=95.0%, error=None
2026-08-20 14:24:47,778 [INFO] youtube_downloader: Task 4123915c-5895-4d80-98e8-b140868b3d20 updated: status=ready, progress=100.0%, error=None
2026-08-20 14:24:47,785 [INFO] youtube_downloader: Cleaned up temporary workspace: C:\Users\admin\Desktop\youtube-downloader\temp\4123915c-5895-4d80-98e8-b140868b3d20
2026-08-20 14:24:48,643 [INFO] youtube_downloader: Cleaned up served download file: C:\Users\admin\Desktop\youtube-downloader\downloads\Aaya re Toofan X Deva Shree Ganesha - Dhol Mashup Ganesh Chaturthi 2025 Latest Ganpati Songs.mp3
2026-08-20 14:26:46,483 [INFO] youtube_downloader: Initializing application and checking dependencies...
2026-08-20 14:26:46,508 [INFO] youtube_downloader: FFmpeg is available in local bin folder: C:\Users\admin\Desktop\youtube-downloader\bin
2026-08-20 14:26:46,509 [INFO] youtube_downloader: FFmpeg verification passed.
2026-08-20 14:26:54,819 [INFO] youtube_downloader: Analyzing URL (POST): https://youtu.be/sWLnZutWUPI?si=FsKAsaJVKqLOqMQ5
2026-08-20 14:26:54,824 [INFO] youtube_downloader: FFmpeg is available in system PATH.
2026-08-20 14:27:01,584 [INFO] youtube_downloader: Scheduling download for: https://youtu.be/sWLnZutWUPI?si=FsKAsaJVKqLOqMQ5 | format=mp3 | quality=320
2026-08-20 14:27:01,594 [INFO] youtube_downloader: FFmpeg is available in system PATH.
2026-08-20 14:27:05,323 [INFO] youtube_downloader: Task 3903d04f-2236-4464-8088-939acd815360 updated: status=preparing, progress=0.0%, error=None
2026-08-20 14:27:05,324 [INFO] youtube_downloader: Task 3903d04f-2236-4464-8088-939acd815360 updated: status=preparing, progress=0.0%, error=None
2026-08-20 14:27:05,330 [INFO] youtube_downloader: FFmpeg is available in system PATH.
2026-08-20 14:27:05,331 [INFO] youtube_downloader: Task 3903d04f-2236-4464-8088-939acd815360 updated: status=fetching video information, progress=5.0%, error=None
2026-08-20 14:27:09,040 [INFO] youtube_downloader: Task 3903d04f-2236-4464-8088-939acd815360 updated: status=fetching thumbnail, progress=8.0%, error=None
2026-08-20 14:27:32,488 [INFO] youtube_downloader: Running FFmpeg command: ffmpeg -y -i C:\Users\admin\Desktop\youtube-downloader\temp\3903d04f-2236-4464-8088-939acd815360\thumb_raw C:\Users\admin\Desktop\youtube-downloader\temp\3903d04f-2236-4464-8088-939acd815360\thumb.jpg
2026-08-20 14:27:32,816 [INFO] youtube_downloader: Successfully standardized downloaded thumbnail to JPEG.
2026-08-20 14:27:32,817 [INFO] youtube_downloader: Task 3903d04f-2236-4464-8088-939acd815360 updated: status=downloading audio, progress=10.0%, error=None
2026-08-20 14:27:46,094 [INFO] youtube_downloader: Task 3903d04f-2236-4464-8088-939acd815360 updated: status=downloading (0.0 MB), progress=10.0%, error=None
2026-08-20 14:27:46,103 [INFO] youtube_downloader: Task 3903d04f-2236-4464-8088-939acd815360 updated: status=downloading (0.0 MB), progress=10.1%, error=None
2026-08-20 14:27:46,108 [INFO] youtube_downloader: Task 3903d04f-2236-4464-8088-939acd815360 updated: status=downloading (0.0 MB), progress=10.2%, error=None
2026-08-20 14:27:46,115 [INFO] youtube_downloader: Task 3903d04f-2236-4464-8088-939acd815360 updated: status=downloading (0.0 MB), progress=10.3%, error=None
2026-08-20 14:27:46,123 [INFO] youtube_downloader: Task 3903d04f-2236-4464-8088-939acd815360 updated: status=downloading (0.0 MB), progress=10.7%, error=None
2026-08-20 14:27:46,129 [INFO] youtube_downloader: Task 3903d04f-2236-4464-8088-939acd815360 updated: status=downloading (0.1 MB), progress=11.4%, error=None
2026-08-20 14:27:46,138 [INFO] youtube_downloader: Task 3903d04f-2236-4464-8088-939acd815360 updated: status=downloading (0.1 MB), progress=12.8%, error=None
2026-08-20 14:27:46,147 [INFO] youtube_downloader: Task 3903d04f-2236-4464-8088-939acd815360 updated: status=downloading (0.2 MB), progress=15.5%, error=None
2026-08-20 14:27:46,162 [INFO] youtube_downloader: Task 3903d04f-2236-4464-8088-939acd815360 updated: status=downloading (0.5 MB), progress=21.1%, error=None
2026-08-20 14:27:46,184 [INFO] youtube_downloader: Task 3903d04f-2236-4464-8088-939acd815360 updated: status=downloading (1.0 MB), progress=32.2%, error=None
2026-08-20 14:27:46,231 [INFO] youtube_downloader: Task 3903d04f-2236-4464-8088-939acd815360 updated: status=downloading (2.0 MB), progress=54.5%, error=None
2026-08-20 14:27:46,276 [INFO] youtube_downloader: Task 3903d04f-2236-4464-8088-939acd815360 updated: status=downloading (2.9 MB), progress=75.0%, error=None
2026-08-20 14:27:46,285 [INFO] youtube_downloader: Task 3903d04f-2236-4464-8088-939acd815360 updated: status=processing, progress=75.0%, error=None
2026-08-20 14:27:46,580 [INFO] youtube_downloader: Task 3903d04f-2236-4464-8088-939acd815360 updated: status=processing (converting to MP3), progress=80.0%, error=None
2026-08-20 14:27:46,581 [INFO] youtube_downloader: Running FFmpeg command: ffmpeg -y -i C:\Users\admin\Desktop\youtube-downloader\temp\3903d04f-2236-4464-8088-939acd815360\audio.webm -b:a 320k -vn C:\Users\admin\Desktop\youtube-downloader\temp\3903d04f-2236-4464-8088-939acd815360\output.mp3
2026-08-20 14:27:55,699 [INFO] youtube_downloader: Task 3903d04f-2236-4464-8088-939acd815360 updated: status=embedding thumbnail & tags, progress=90.0%, error=None
2026-08-20 14:27:55,731 [INFO] youtube_downloader: Successfully embedded MP3 metadata and ID3v2.3 artwork for output.mp3
2026-08-20 14:27:55,763 [INFO] youtube_downloader: Task 3903d04f-2236-4464-8088-939acd815360 updated: status=finalizing, progress=95.0%, error=None
2026-08-20 14:27:55,767 [INFO] youtube_downloader: Task 3903d04f-2236-4464-8088-939acd815360 updated: status=ready, progress=100.0%, error=None
2026-08-20 14:27:55,776 [INFO] youtube_downloader: Cleaned up temporary workspace: C:\Users\admin\Desktop\youtube-downloader\temp\3903d04f-2236-4464-8088-939acd815360
2026-08-20 14:27:56,820 [INFO] youtube_downloader: Cleaned up served download file: C:\Users\admin\Desktop\youtube-downloader\downloads\Aaya re Toofan X Deva Shree Ganesha - Dhol Mashup Ganesh Chaturthi 2025 Latest Ganpati Songs.mp3
2026-08-20 14:35:01,883 [INFO] youtube_downloader: Initializing application and checking dependencies...
2026-08-20 14:35:01,898 [INFO] youtube_downloader: FFmpeg is available in local bin folder: C:\Users\admin\Desktop\youtube-downloader\bin
2026-08-20 14:35:01,898 [INFO] youtube_downloader: FFmpeg verification passed.
2026-08-20 14:38:37,023 [INFO] youtube_downloader: Analyzing URL (POST): https://youtu.be/rVkZEI4fS3A?si=meIyiVHPgGTFi0nj
2026-08-20 14:38:37,032 [INFO] youtube_downloader: FFmpeg is available in system PATH.
2026-08-20 14:38:44,293 [INFO] youtube_downloader: Scheduling download for: https://youtu.be/rVkZEI4fS3A?si=meIyiVHPgGTFi0nj | format=mp3 | quality=320
2026-08-20 14:38:44,295 [INFO] youtube_downloader: Task 87dfc547-1d58-4b97-bb30-d8c8d5feca83 updated: status=preparing, progress=0.0%, error=None
2026-08-20 14:38:44,296 [INFO] youtube_downloader: Task 87dfc547-1d58-4b97-bb30-d8c8d5feca83 updated: status=preparing, progress=0.0%, error=None
2026-08-20 14:38:44,306 [INFO] youtube_downloader: FFmpeg is available in system PATH.
2026-08-20 14:38:44,311 [INFO] youtube_downloader: Task 87dfc547-1d58-4b97-bb30-d8c8d5feca83 updated: status=fetching video information, progress=5.0%, error=None
2026-08-20 14:38:47,984 [INFO] youtube_downloader: Task 87dfc547-1d58-4b97-bb30-d8c8d5feca83 updated: status=fetching thumbnail, progress=8.0%, error=None
2026-08-20 14:38:49,738 [INFO] youtube_downloader: Running FFmpeg command: ffmpeg -y -i C:\Users\admin\Desktop\youtube-downloader\temp\87dfc547-1d58-4b97-bb30-d8c8d5feca83\thumb_raw C:\Users\admin\Desktop\youtube-downloader\temp\87dfc547-1d58-4b97-bb30-d8c8d5feca83\thumb.jpg
2026-08-20 14:38:49,953 [INFO] youtube_downloader: Successfully standardized downloaded thumbnail to JPEG.
2026-08-20 14:38:49,955 [INFO] youtube_downloader: Task 87dfc547-1d58-4b97-bb30-d8c8d5feca83 updated: status=downloading audio, progress=10.0%, error=None
2026-08-20 14:38:53,854 [INFO] youtube_downloader: Task 87dfc547-1d58-4b97-bb30-d8c8d5feca83 updated: status=downloading (0.0 MB), progress=10.0%, error=None
2026-08-20 14:38:53,857 [INFO] youtube_downloader: Task 87dfc547-1d58-4b97-bb30-d8c8d5feca83 updated: status=downloading (0.0 MB), progress=10.1%, error=None
2026-08-20 14:38:53,859 [INFO] youtube_downloader: Task 87dfc547-1d58-4b97-bb30-d8c8d5feca83 updated: status=downloading (0.0 MB), progress=10.2%, error=None
2026-08-20 14:38:53,865 [INFO] youtube_downloader: Task 87dfc547-1d58-4b97-bb30-d8c8d5feca83 updated: status=downloading (0.0 MB), progress=10.5%, error=None
2026-08-20 14:38:53,871 [INFO] youtube_downloader: Task 87dfc547-1d58-4b97-bb30-d8c8d5feca83 updated: status=downloading (0.0 MB), progress=11.0%, error=None
2026-08-20 14:38:53,874 [INFO] youtube_downloader: Task 87dfc547-1d58-4b97-bb30-d8c8d5feca83 updated: status=downloading (0.1 MB), progress=12.0%, error=None
2026-08-20 14:38:53,886 [INFO] youtube_downloader: Task 87dfc547-1d58-4b97-bb30-d8c8d5feca83 updated: status=downloading (0.1 MB), progress=13.9%, error=None
2026-08-20 14:38:53,901 [INFO] youtube_downloader: Task 87dfc547-1d58-4b97-bb30-d8c8d5feca83 updated: status=downloading (0.2 MB), progress=17.9%, error=None
2026-08-20 14:38:53,916 [INFO] youtube_downloader: Task 87dfc547-1d58-4b97-bb30-d8c8d5feca83 updated: status=downloading (0.5 MB), progress=25.8%, error=None
2026-08-20 14:38:53,937 [INFO] youtube_downloader: Task 87dfc547-1d58-4b97-bb30-d8c8d5feca83 updated: status=downloading (1.0 MB), progress=41.7%, error=None
2026-08-20 14:38:53,959 [INFO] youtube_downloader: Task 87dfc547-1d58-4b97-bb30-d8c8d5feca83 updated: status=downloading (2.0 MB), progress=73.4%, error=None
2026-08-20 14:38:53,966 [INFO] youtube_downloader: Task 87dfc547-1d58-4b97-bb30-d8c8d5feca83 updated: status=downloading (2.1 MB), progress=75.0%, error=None
2026-08-20 14:38:53,972 [INFO] youtube_downloader: Task 87dfc547-1d58-4b97-bb30-d8c8d5feca83 updated: status=processing, progress=75.0%, error=None
2026-08-20 14:38:54,153 [INFO] youtube_downloader: Task 87dfc547-1d58-4b97-bb30-d8c8d5feca83 updated: status=processing (converting to MP3), progress=80.0%, error=None
2026-08-20 14:38:54,154 [INFO] youtube_downloader: Running FFmpeg command: ffmpeg -y -i C:\Users\admin\Desktop\youtube-downloader\temp\87dfc547-1d58-4b97-bb30-d8c8d5feca83\audio.webm -b:a 320k -vn C:\Users\admin\Desktop\youtube-downloader\temp\87dfc547-1d58-4b97-bb30-d8c8d5feca83\output.mp3
2026-08-20 14:39:00,607 [INFO] youtube_downloader: Task 87dfc547-1d58-4b97-bb30-d8c8d5feca83 updated: status=embedding thumbnail & tags, progress=90.0%, error=None
2026-08-20 14:39:00,640 [INFO] youtube_downloader: Successfully embedded MP3 metadata and ID3v2.3 artwork for output.mp3
2026-08-20 14:39:00,672 [INFO] youtube_downloader: Task 87dfc547-1d58-4b97-bb30-d8c8d5feca83 updated: status=finalizing, progress=95.0%, error=None
2026-08-20 14:39:00,675 [INFO] youtube_downloader: Task 87dfc547-1d58-4b97-bb30-d8c8d5feca83 updated: status=ready, progress=100.0%, error=None
2026-08-20 14:39:00,684 [INFO] youtube_downloader: Cleaned up temporary workspace: C:\Users\admin\Desktop\youtube-downloader\temp\87dfc547-1d58-4b97-bb30-d8c8d5feca83
2026-08-20 14:39:01,920 [INFO] youtube_downloader: Cleaned up served download file: C:\Users\admin\Desktop\youtube-downloader\downloads\Har Taraf Hai Ye Shor Krishna Govinda Janmashthami Dahi Handi Song Dj Hariom HKG.mp3
2026-08-20 14:39:20,601 [INFO] youtube_downloader: Scheduling download for: https://youtu.be/rVkZEI4fS3A?si=meIyiVHPgGTFi0nj | format=mp4 | quality=1080
2026-08-20 14:39:20,602 [INFO] youtube_downloader: Task 102e2bd1-cea4-4e7c-a6c6-8f80155ee7a3 updated: status=preparing, progress=0.0%, error=None
2026-08-20 14:39:20,603 [INFO] youtube_downloader: Task 102e2bd1-cea4-4e7c-a6c6-8f80155ee7a3 updated: status=preparing, progress=0.0%, error=None
2026-08-20 14:39:20,608 [INFO] youtube_downloader: FFmpeg is available in system PATH.
2026-08-20 14:39:20,610 [INFO] youtube_downloader: Task 102e2bd1-cea4-4e7c-a6c6-8f80155ee7a3 updated: status=fetching video information, progress=5.0%, error=None
2026-08-20 14:39:24,536 [INFO] youtube_downloader: Task 102e2bd1-cea4-4e7c-a6c6-8f80155ee7a3 updated: status=fetching thumbnail, progress=8.0%, error=None
2026-08-20 14:39:25,678 [INFO] youtube_downloader: Running FFmpeg command: ffmpeg -y -i C:\Users\admin\Desktop\youtube-downloader\temp\102e2bd1-cea4-4e7c-a6c6-8f80155ee7a3\thumb_raw C:\Users\admin\Desktop\youtube-downloader\temp\102e2bd1-cea4-4e7c-a6c6-8f80155ee7a3\thumb.jpg
2026-08-20 14:39:25,830 [INFO] youtube_downloader: Successfully standardized downloaded thumbnail to JPEG.
2026-08-20 14:39:25,831 [INFO] youtube_downloader: Task 102e2bd1-cea4-4e7c-a6c6-8f80155ee7a3 updated: status=downloading video and audio streams, progress=10.0%, error=None
2026-08-20 14:39:29,652 [INFO] youtube_downloader: Task 102e2bd1-cea4-4e7c-a6c6-8f80155ee7a3 updated: status=downloading (0.0 MB), progress=10.0%, error=None
2026-08-20 14:39:29,655 [INFO] youtube_downloader: Task 102e2bd1-cea4-4e7c-a6c6-8f80155ee7a3 updated: status=downloading (0.0 MB), progress=10.0%, error=None
2026-08-20 14:39:29,657 [INFO] youtube_downloader: Task 102e2bd1-cea4-4e7c-a6c6-8f80155ee7a3 updated: status=downloading (0.0 MB), progress=10.0%, error=None
2026-08-20 14:39:29,664 [INFO] youtube_downloader: Task 102e2bd1-cea4-4e7c-a6c6-8f80155ee7a3 updated: status=downloading (0.0 MB), progress=10.0%, error=None
2026-08-20 14:39:29,668 [INFO] youtube_downloader: Task 102e2bd1-cea4-4e7c-a6c6-8f80155ee7a3 updated: status=downloading (0.0 MB), progress=10.1%, error=None
2026-08-20 14:39:29,671 [INFO] youtube_downloader: Task 102e2bd1-cea4-4e7c-a6c6-8f80155ee7a3 updated: status=downloading (0.1 MB), progress=10.1%, error=None
2026-08-20 14:39:29,683 [INFO] youtube_downloader: Task 102e2bd1-cea4-4e7c-a6c6-8f80155ee7a3 updated: status=downloading (0.1 MB), progress=10.2%, error=None
2026-08-20 14:39:29,696 [INFO] youtube_downloader: Task 102e2bd1-cea4-4e7c-a6c6-8f80155ee7a3 updated: status=downloading (0.2 MB), progress=10.5%, error=None
2026-08-20 14:39:29,712 [INFO] youtube_downloader: Task 102e2bd1-cea4-4e7c-a6c6-8f80155ee7a3 updated: status=downloading (0.5 MB), progress=10.9%, error=None
2026-08-20 14:39:29,733 [INFO] youtube_downloader: Task 102e2bd1-cea4-4e7c-a6c6-8f80155ee7a3 updated: status=downloading (1.0 MB), progress=11.9%, error=None
2026-08-20 14:39:29,771 [INFO] youtube_downloader: Task 102e2bd1-cea4-4e7c-a6c6-8f80155ee7a3 updated: status=downloading (2.0 MB), progress=13.8%, error=None
2026-08-20 14:39:29,915 [INFO] youtube_downloader: Task 102e2bd1-cea4-4e7c-a6c6-8f80155ee7a3 updated: status=downloading (4.0 MB), progress=17.6%, error=None
2026-08-20 14:39:30,286 [INFO] youtube_downloader: Task 102e2bd1-cea4-4e7c-a6c6-8f80155ee7a3 updated: status=downloading (8.0 MB), progress=25.2%, error=None
2026-08-20 14:39:30,446 [INFO] youtube_downloader: Task 102e2bd1-cea4-4e7c-a6c6-8f80155ee7a3 updated: status=downloading (9.9 MB), progress=28.9%, error=None
2026-08-20 14:39:30,696 [INFO] youtube_downloader: Task 102e2bd1-cea4-4e7c-a6c6-8f80155ee7a3 updated: status=downloading (9.9 MB), progress=28.9%, error=None
2026-08-20 14:39:30,697 [INFO] youtube_downloader: Task 102e2bd1-cea4-4e7c-a6c6-8f80155ee7a3 updated: status=downloading (9.9 MB), progress=28.9%, error=None
2026-08-20 14:39:30,699 [INFO] youtube_downloader: Task 102e2bd1-cea4-4e7c-a6c6-8f80155ee7a3 updated: status=downloading (10.0 MB), progress=28.9%, error=None
2026-08-20 14:39:30,701 [INFO] youtube_downloader: Task 102e2bd1-cea4-4e7c-a6c6-8f80155ee7a3 updated: status=downloading (10.0 MB), progress=28.9%, error=None
2026-08-20 14:39:30,704 [INFO] youtube_downloader: Task 102e2bd1-cea4-4e7c-a6c6-8f80155ee7a3 updated: status=downloading (10.0 MB), progress=28.9%, error=None
2026-08-20 14:39:30,708 [INFO] youtube_downloader: Task 102e2bd1-cea4-4e7c-a6c6-8f80155ee7a3 updated: status=downloading (10.0 MB), progress=29.0%, error=None
2026-08-20 14:39:30,712 [INFO] youtube_downloader: Task 102e2bd1-cea4-4e7c-a6c6-8f80155ee7a3 updated: status=downloading (10.1 MB), progress=29.1%, error=None
2026-08-20 14:39:30,715 [INFO] youtube_downloader: Task 102e2bd1-cea4-4e7c-a6c6-8f80155ee7a3 updated: status=downloading (10.2 MB), progress=29.4%, error=None
2026-08-20 14:39:30,736 [INFO] youtube_downloader: Task 102e2bd1-cea4-4e7c-a6c6-8f80155ee7a3 updated: status=downloading (10.4 MB), progress=29.8%, error=None
2026-08-20 14:39:30,785 [INFO] youtube_downloader: Task 102e2bd1-cea4-4e7c-a6c6-8f80155ee7a3 updated: status=downloading (10.9 MB), progress=30.8%, error=None
2026-08-20 14:39:30,821 [INFO] youtube_downloader: Task 102e2bd1-cea4-4e7c-a6c6-8f80155ee7a3 updated: status=downloading (11.9 MB), progress=32.7%, error=None
2026-08-20 14:39:30,930 [INFO] youtube_downloader: Task 102e2bd1-cea4-4e7c-a6c6-8f80155ee7a3 updated: status=downloading (13.9 MB), progress=36.5%, error=None
2026-08-20 14:39:31,260 [INFO] youtube_downloader: Task 102e2bd1-cea4-4e7c-a6c6-8f80155ee7a3 updated: status=downloading (17.9 MB), progress=44.1%, error=None
2026-08-20 14:39:31,395 [INFO] youtube_downloader: Task 102e2bd1-cea4-4e7c-a6c6-8f80155ee7a3 updated: status=downloading (19.5 MB), progress=47.1%, error=None
2026-08-20 14:39:31,554 [INFO] youtube_downloader: Task 102e2bd1-cea4-4e7c-a6c6-8f80155ee7a3 updated: status=downloading (19.5 MB), progress=47.1%, error=None
2026-08-20 14:39:31,557 [INFO] youtube_downloader: Task 102e2bd1-cea4-4e7c-a6c6-8f80155ee7a3 updated: status=downloading (19.5 MB), progress=47.1%, error=None
2026-08-20 14:39:31,560 [INFO] youtube_downloader: Task 102e2bd1-cea4-4e7c-a6c6-8f80155ee7a3 updated: status=downloading (19.5 MB), progress=47.1%, error=None
2026-08-20 14:39:31,564 [INFO] youtube_downloader: Task 102e2bd1-cea4-4e7c-a6c6-8f80155ee7a3 updated: status=downloading (19.5 MB), progress=47.1%, error=None
2026-08-20 14:39:31,569 [INFO] youtube_downloader: Task 102e2bd1-cea4-4e7c-a6c6-8f80155ee7a3 updated: status=downloading (19.5 MB), progress=47.1%, error=None
2026-08-20 14:39:31,573 [INFO] youtube_downloader: Task 102e2bd1-cea4-4e7c-a6c6-8f80155ee7a3 updated: status=downloading (19.6 MB), progress=47.2%, error=None
2026-08-20 14:39:31,578 [INFO] youtube_downloader: Task 102e2bd1-cea4-4e7c-a6c6-8f80155ee7a3 updated: status=downloading (19.6 MB), progress=47.3%, error=None
2026-08-20 14:39:31,584 [INFO] youtube_downloader: Task 102e2bd1-cea4-4e7c-a6c6-8f80155ee7a3 updated: status=downloading (19.8 MB), progress=47.5%, error=None
2026-08-20 14:39:31,596 [INFO] youtube_downloader: Task 102e2bd1-cea4-4e7c-a6c6-8f80155ee7a3 updated: status=downloading (20.0 MB), progress=48.0%, error=None
2026-08-20 14:39:31,637 [INFO] youtube_downloader: Task 102e2bd1-cea4-4e7c-a6c6-8f80155ee7a3 updated: status=downloading (20.5 MB), progress=49.0%, error=None
2026-08-20 14:39:31,720 [INFO] youtube_downloader: Task 102e2bd1-cea4-4e7c-a6c6-8f80155ee7a3 updated: status=downloading (21.5 MB), progress=50.9%, error=None
2026-08-20 14:39:31,838 [INFO] youtube_downloader: Task 102e2bd1-cea4-4e7c-a6c6-8f80155ee7a3 updated: status=downloading (23.5 MB), progress=54.7%, error=None
2026-08-20 14:39:32,133 [INFO] youtube_downloader: Task 102e2bd1-cea4-4e7c-a6c6-8f80155ee7a3 updated: status=downloading (27.5 MB), progress=62.2%, error=None
2026-08-20 14:39:32,260 [INFO] youtube_downloader: Task 102e2bd1-cea4-4e7c-a6c6-8f80155ee7a3 updated: status=downloading (29.0 MB), progress=65.1%, error=None
2026-08-20 14:39:32,428 [INFO] youtube_downloader: Task 102e2bd1-cea4-4e7c-a6c6-8f80155ee7a3 updated: status=downloading (29.0 MB), progress=65.1%, error=None
2026-08-20 14:39:32,432 [INFO] youtube_downloader: Task 102e2bd1-cea4-4e7c-a6c6-8f80155ee7a3 updated: status=downloading (29.0 MB), progress=65.1%, error=None
2026-08-20 14:39:32,436 [INFO] youtube_downloader: Task 102e2bd1-cea4-4e7c-a6c6-8f80155ee7a3 updated: status=downloading (29.0 MB), progress=65.2%, error=None
2026-08-20 14:39:32,440 [INFO] youtube_downloader: Task 102e2bd1-cea4-4e7c-a6c6-8f80155ee7a3 updated: status=downloading (29.0 MB), progress=65.2%, error=None
2026-08-20 14:39:32,445 [INFO] youtube_downloader: Task 102e2bd1-cea4-4e7c-a6c6-8f80155ee7a3 updated: status=downloading (29.1 MB), progress=65.2%, error=None
2026-08-20 14:39:32,453 [INFO] youtube_downloader: Task 102e2bd1-cea4-4e7c-a6c6-8f80155ee7a3 updated: status=downloading (29.1 MB), progress=65.3%, error=None
2026-08-20 14:39:32,462 [INFO] youtube_downloader: Task 102e2bd1-cea4-4e7c-a6c6-8f80155ee7a3 updated: status=downloading (29.2 MB), progress=65.4%, error=None
2026-08-20 14:39:32,471 [INFO] youtube_downloader: Task 102e2bd1-cea4-4e7c-a6c6-8f80155ee7a3 updated: status=downloading (29.3 MB), progress=65.6%, error=None
2026-08-20 14:39:32,480 [INFO] youtube_downloader: Task 102e2bd1-cea4-4e7c-a6c6-8f80155ee7a3 updated: status=downloading (29.5 MB), progress=66.1%, error=None
2026-08-20 14:39:32,508 [INFO] youtube_downloader: Task 102e2bd1-cea4-4e7c-a6c6-8f80155ee7a3 updated: status=downloading (30.0 MB), progress=67.0%, error=None
2026-08-20 14:39:32,596 [INFO] youtube_downloader: Task 102e2bd1-cea4-4e7c-a6c6-8f80155ee7a3 updated: status=downloading (31.0 MB), progress=68.9%, error=None
2026-08-20 14:39:32,775 [INFO] youtube_downloader: Task 102e2bd1-cea4-4e7c-a6c6-8f80155ee7a3 updated: status=downloading (33.0 MB), progress=72.7%, error=None
2026-08-20 14:39:33,008 [INFO] youtube_downloader: Task 102e2bd1-cea4-4e7c-a6c6-8f80155ee7a3 updated: status=downloading (36.9 MB), progress=80.0%, error=None
2026-08-20 14:39:33,021 [INFO] youtube_downloader: Task 102e2bd1-cea4-4e7c-a6c6-8f80155ee7a3 updated: status=processing, progress=80.0%, error=None
2026-08-20 14:39:33,074 [INFO] youtube_downloader: Task 102e2bd1-cea4-4e7c-a6c6-8f80155ee7a3 updated: status=downloading (0.0 MB), progress=10.0%, error=None
2026-08-20 14:39:33,078 [INFO] youtube_downloader: Task 102e2bd1-cea4-4e7c-a6c6-8f80155ee7a3 updated: status=downloading (0.0 MB), progress=10.1%, error=None
2026-08-20 14:39:33,087 [INFO] youtube_downloader: Task 102e2bd1-cea4-4e7c-a6c6-8f80155ee7a3 updated: status=downloading (0.0 MB), progress=10.2%, error=None
2026-08-20 14:39:33,092 [INFO] youtube_downloader: Task 102e2bd1-cea4-4e7c-a6c6-8f80155ee7a3 updated: status=downloading (0.0 MB), progress=10.5%, error=None
2026-08-20 14:39:33,097 [INFO] youtube_downloader: Task 102e2bd1-cea4-4e7c-a6c6-8f80155ee7a3 updated: status=downloading (0.0 MB), progress=11.0%, error=None
2026-08-20 14:39:33,118 [INFO] youtube_downloader: Task 102e2bd1-cea4-4e7c-a6c6-8f80155ee7a3 updated: status=downloading (0.1 MB), progress=12.1%, error=None
2026-08-20 14:39:33,138 [INFO] youtube_downloader: Task 102e2bd1-cea4-4e7c-a6c6-8f80155ee7a3 updated: status=downloading (0.1 MB), progress=14.2%, error=None
2026-08-20 14:39:33,153 [INFO] youtube_downloader: Task 102e2bd1-cea4-4e7c-a6c6-8f80155ee7a3 updated: status=downloading (0.2 MB), progress=18.5%, error=None
2026-08-20 14:39:33,159 [INFO] youtube_downloader: Task 102e2bd1-cea4-4e7c-a6c6-8f80155ee7a3 updated: status=downloading (0.5 MB), progress=27.0%, error=None
2026-08-20 14:39:33,171 [INFO] youtube_downloader: Task 102e2bd1-cea4-4e7c-a6c6-8f80155ee7a3 updated: status=downloading (1.0 MB), progress=44.1%, error=None
2026-08-20 14:39:33,241 [INFO] youtube_downloader: Task 102e2bd1-cea4-4e7c-a6c6-8f80155ee7a3 updated: status=downloading (2.0 MB), progress=78.2%, error=None
2026-08-20 14:39:33,246 [INFO] youtube_downloader: Task 102e2bd1-cea4-4e7c-a6c6-8f80155ee7a3 updated: status=downloading (2.1 MB), progress=80.0%, error=None
2026-08-20 14:39:33,255 [INFO] youtube_downloader: Task 102e2bd1-cea4-4e7c-a6c6-8f80155ee7a3 updated: status=processing, progress=80.0%, error=None
2026-08-20 14:39:34,215 [INFO] youtube_downloader: Task 102e2bd1-cea4-4e7c-a6c6-8f80155ee7a3 updated: status=embedding metadata & artwork, progress=90.0%, error=None
2026-08-20 14:39:34,390 [INFO] youtube_downloader: Successfully embedded MP4 metadata and artwork for final.mp4
2026-08-20 14:39:34,391 [INFO] youtube_downloader: Task 102e2bd1-cea4-4e7c-a6c6-8f80155ee7a3 updated: status=finalizing, progress=95.0%, error=None
2026-08-20 14:39:34,397 [INFO] youtube_downloader: Task 102e2bd1-cea4-4e7c-a6c6-8f80155ee7a3 updated: status=ready, progress=100.0%, error=None
2026-08-20 14:39:34,418 [INFO] youtube_downloader: Cleaned up temporary workspace: C:\Users\admin\Desktop\youtube-downloader\temp\102e2bd1-cea4-4e7c-a6c6-8f80155ee7a3
2026-08-20 14:39:35,992 [INFO] youtube_downloader: Cleaned up served download file: C:\Users\admin\Desktop\youtube-downloader\downloads\Har Taraf Hai Ye Shor Krishna Govinda Janmashthami Dahi Handi Song Dj Hariom HKG.mp4
2026-08-20 14:46:41,730 [INFO] youtube_downloader: Initializing application and checking dependencies...
2026-08-20 14:46:41,752 [INFO] youtube_downloader: FFmpeg is available in local bin folder: C:\Users\admin\Desktop\youtube-downloader\bin
2026-08-20 14:46:41,752 [INFO] youtube_downloader: FFmpeg verification passed.
2026-08-20 14:53:25,831 [INFO] youtube_downloader: Analyzing URL (POST): https://youtu.be/JEs5l9Hd3zE?si=yd2wv-C4am2ZrIvC
2026-08-20 14:53:25,835 [INFO] youtube_downloader: FFmpeg is available in system PATH.
2026-08-20 14:53:30,671 [INFO] youtube_downloader: Scheduling download for: https://youtu.be/JEs5l9Hd3zE?si=yd2wv-C4am2ZrIvC | format=mp3 | quality=320
2026-08-20 14:53:30,671 [INFO] youtube_downloader: Task a8e54bbb-d991-4b2b-8895-70699a3f5948 updated: status=preparing, progress=0.0%, error=None
2026-08-20 14:53:30,673 [INFO] youtube_downloader: Task a8e54bbb-d991-4b2b-8895-70699a3f5948 updated: status=preparing, progress=0.0%, error=None
2026-08-20 14:53:30,680 [INFO] youtube_downloader: FFmpeg is available in system PATH.
2026-08-20 14:53:30,680 [INFO] youtube_downloader: Task a8e54bbb-d991-4b2b-8895-70699a3f5948 updated: status=fetching video information, progress=5.0%, error=None
2026-08-20 14:53:33,187 [INFO] youtube_downloader: Task a8e54bbb-d991-4b2b-8895-70699a3f5948 updated: status=fetching thumbnail, progress=8.0%, error=None
2026-08-20 14:53:34,183 [INFO] youtube_downloader: Running FFmpeg command: ffmpeg -y -i C:\Users\admin\Desktop\youtube-downloader\temp\a8e54bbb-d991-4b2b-8895-70699a3f5948\thumb_raw C:\Users\admin\Desktop\youtube-downloader\temp\a8e54bbb-d991-4b2b-8895-70699a3f5948\thumb.jpg
2026-08-20 14:53:34,269 [INFO] youtube_downloader: Successfully standardized downloaded thumbnail to JPEG.
2026-08-20 14:53:34,269 [INFO] youtube_downloader: Task a8e54bbb-d991-4b2b-8895-70699a3f5948 updated: status=downloading audio, progress=10.0%, error=None
2026-08-20 14:53:37,106 [INFO] youtube_downloader: Task a8e54bbb-d991-4b2b-8895-70699a3f5948 updated: status=downloading (0.0 MB), progress=10.0%, error=None
2026-08-20 14:53:37,108 [INFO] youtube_downloader: Task a8e54bbb-d991-4b2b-8895-70699a3f5948 updated: status=downloading (0.0 MB), progress=10.1%, error=None
2026-08-20 14:53:37,110 [INFO] youtube_downloader: Task a8e54bbb-d991-4b2b-8895-70699a3f5948 updated: status=downloading (0.0 MB), progress=10.1%, error=None
2026-08-20 14:53:37,112 [INFO] youtube_downloader: Task a8e54bbb-d991-4b2b-8895-70699a3f5948 updated: status=downloading (0.0 MB), progress=10.3%, error=None
2026-08-20 14:53:37,118 [INFO] youtube_downloader: Task a8e54bbb-d991-4b2b-8895-70699a3f5948 updated: status=downloading (0.0 MB), progress=10.6%, error=None
2026-08-20 14:53:37,131 [INFO] youtube_downloader: Task a8e54bbb-d991-4b2b-8895-70699a3f5948 updated: status=downloading (0.1 MB), progress=11.3%, error=None
2026-08-20 14:53:37,147 [INFO] youtube_downloader: Task a8e54bbb-d991-4b2b-8895-70699a3f5948 updated: status=downloading (0.1 MB), progress=12.6%, error=None
2026-08-20 14:53:37,164 [INFO] youtube_downloader: Task a8e54bbb-d991-4b2b-8895-70699a3f5948 updated: status=downloading (0.2 MB), progress=15.3%, error=None
2026-08-20 14:53:37,181 [INFO] youtube_downloader: Task a8e54bbb-d991-4b2b-8895-70699a3f5948 updated: status=downloading (0.5 MB), progress=20.6%, error=None
2026-08-20 14:53:37,212 [INFO] youtube_downloader: Task a8e54bbb-d991-4b2b-8895-70699a3f5948 updated: status=downloading (1.0 MB), progress=31.2%, error=None
2026-08-20 14:53:37,238 [INFO] youtube_downloader: Task a8e54bbb-d991-4b2b-8895-70699a3f5948 updated: status=downloading (2.0 MB), progress=52.4%, error=None
2026-08-20 14:53:37,444 [INFO] youtube_downloader: Task a8e54bbb-d991-4b2b-8895-70699a3f5948 updated: status=downloading (3.1 MB), progress=75.0%, error=None
2026-08-20 14:53:37,447 [INFO] youtube_downloader: Task a8e54bbb-d991-4b2b-8895-70699a3f5948 updated: status=processing, progress=75.0%, error=None
2026-08-20 14:53:37,517 [INFO] youtube_downloader: Task a8e54bbb-d991-4b2b-8895-70699a3f5948 updated: status=processing (converting to MP3), progress=80.0%, error=None
2026-08-20 14:53:37,517 [INFO] youtube_downloader: Running FFmpeg command: ffmpeg -y -i C:\Users\admin\Desktop\youtube-downloader\temp\a8e54bbb-d991-4b2b-8895-70699a3f5948\audio.webm -b:a 320k -vn C:\Users\admin\Desktop\youtube-downloader\temp\a8e54bbb-d991-4b2b-8895-70699a3f5948\output.mp3
2026-08-20 14:53:42,121 [INFO] youtube_downloader: Task a8e54bbb-d991-4b2b-8895-70699a3f5948 updated: status=embedding thumbnail & tags, progress=90.0%, error=None
2026-08-20 14:53:42,147 [INFO] youtube_downloader: Successfully embedded MP3 metadata and ID3v2.3 artwork for output.mp3
2026-08-20 14:53:42,164 [INFO] youtube_downloader: Task a8e54bbb-d991-4b2b-8895-70699a3f5948 updated: status=finalizing, progress=95.0%, error=None
2026-08-20 14:53:42,166 [INFO] youtube_downloader: Task a8e54bbb-d991-4b2b-8895-70699a3f5948 updated: status=ready, progress=100.0%, error=None
2026-08-20 14:53:42,170 [INFO] youtube_downloader: Cleaned up temporary workspace: C:\Users\admin\Desktop\youtube-downloader\temp\a8e54bbb-d991-4b2b-8895-70699a3f5948
2026-08-20 14:53:43,025 [INFO] youtube_downloader: Cleaned up served download file: C:\Users\admin\Desktop\youtube-downloader\downloads\Bappa Morya Re (150 BPM Mix) – DJ Aman SLR.mp3
2026-08-20 15:05:48,759 [INFO] youtube_downloader: Initializing application and checking dependencies...
2026-08-20 15:05:48,767 [INFO] youtube_downloader: FFmpeg is available in local bin folder: C:\Users\admin\Desktop\youtube-downloader\bin
2026-08-20 15:05:48,768 [INFO] youtube_downloader: FFmpeg verification passed.
2026-08-20 15:11:27,057 [INFO] youtube_downloader: Initializing application and checking dependencies...
2026-08-20 15:11:27,068 [INFO] youtube_downloader: FFmpeg is available in local bin folder: C:\Users\admin\Desktop\youtube-downloader\bin
2026-08-20 15:11:27,068 [INFO] youtube_downloader: FFmpeg verification passed.
2026-08-20 15:13:27,750 [INFO] youtube_downloader: Initializing application and checking dependencies...
2026-08-20 15:13:27,759 [INFO] youtube_downloader: FFmpeg is available in local bin folder: C:\Users\admin\Desktop\youtube-downloader\bin
2026-08-20 15:13:27,760 [INFO] youtube_downloader: FFmpeg verification passed.
2026-08-20 15:14:02,901 [INFO] youtube_downloader: Initializing application and checking dependencies...
2026-08-20 15:14:02,916 [INFO] youtube_downloader: FFmpeg is available in local bin folder: C:\Users\admin\Desktop\youtube-downloader\bin
2026-08-20 15:14:02,916 [INFO] youtube_downloader: FFmpeg verification passed.
2026-08-20 15:16:03,232 [INFO] youtube_downloader: Initializing application and checking dependencies...
2026-08-20 15:16:03,243 [INFO] youtube_downloader: FFmpeg is available in local bin folder: C:\Users\admin\Desktop\youtube-downloader\bin
2026-08-20 15:16:03,243 [INFO] youtube_downloader: FFmpeg verification passed.
2026-08-20 15:18:12,100 [INFO] youtube_downloader: Initializing application and checking dependencies...
2026-08-20 15:18:12,110 [INFO] youtube_downloader: FFmpeg is available in local bin folder: C:\Users\admin\Desktop\youtube-downloader\bin
2026-08-20 15:18:12,110 [INFO] youtube_downloader: FFmpeg verification passed.
2026-08-20 15:26:38,351 [INFO] youtube_downloader: Initializing application and checking dependencies...
2026-08-20 15:26:38,360 [INFO] youtube_downloader: FFmpeg is available in local bin folder: C:\Users\admin\Desktop\youtube-downloader\bin
2026-08-20 15:26:38,360 [INFO] youtube_downloader: FFmpeg verification passed.
2026-08-20 15:31:02,254 [INFO] youtube_downloader: Initializing application and checking dependencies...
2026-08-20 15:31:02,263 [INFO] youtube_downloader: FFmpeg is available in local bin folder: C:\Users\admin\Desktop\youtube-downloader\bin
2026-08-20 15:31:02,263 [INFO] youtube_downloader: FFmpeg verification passed.
2026-08-20 15:32:07,048 [INFO] youtube_downloader: Analyzing URL (POST): https://youtu.be/9lGBzW8kp2E?si=yoI_uqWaRSxs5VbZ
2026-08-20 15:32:07,050 [INFO] youtube_downloader: FFmpeg is available in system PATH.
2026-08-20 15:32:12,871 [INFO] youtube_downloader: Scheduling download for: https://youtu.be/9lGBzW8kp2E?si=yoI_uqWaRSxs5VbZ | format=mp3 | quality=320
2026-08-20 15:32:12,872 [INFO] youtube_downloader: Task fb01833e-abe0-4235-8047-12aa4f00b78c updated: status=preparing, progress=0.0%, error=None
2026-08-20 15:32:12,872 [INFO] youtube_downloader: Task fb01833e-abe0-4235-8047-12aa4f00b78c updated: status=preparing, progress=0.0%, error=None
2026-08-20 15:32:12,879 [INFO] youtube_downloader: FFmpeg is available in system PATH.
2026-08-20 15:32:12,879 [INFO] youtube_downloader: Task fb01833e-abe0-4235-8047-12aa4f00b78c updated: status=fetching video information, progress=5.0%, error=None
2026-08-20 15:32:15,580 [INFO] youtube_downloader: Task fb01833e-abe0-4235-8047-12aa4f00b78c updated: status=fetching thumbnail, progress=8.0%, error=None
2026-08-20 15:32:16,372 [INFO] youtube_downloader: Running FFmpeg command: ffmpeg -y -i C:\Users\admin\Desktop\youtube-downloader\temp\fb01833e-abe0-4235-8047-12aa4f00b78c\thumb_raw C:\Users\admin\Desktop\youtube-downloader\temp\fb01833e-abe0-4235-8047-12aa4f00b78c\thumb.jpg
2026-08-20 15:32:16,468 [INFO] youtube_downloader: Successfully standardized downloaded thumbnail to JPEG.
2026-08-20 15:32:16,468 [INFO] youtube_downloader: Task fb01833e-abe0-4235-8047-12aa4f00b78c updated: status=downloading audio, progress=10.0%, error=None
2026-08-20 15:32:19,217 [INFO] youtube_downloader: Task fb01833e-abe0-4235-8047-12aa4f00b78c updated: status=downloading (0.0 MB), progress=10.0%, error=None
2026-08-20 15:32:19,218 [INFO] youtube_downloader: Task fb01833e-abe0-4235-8047-12aa4f00b78c updated: status=downloading (0.0 MB), progress=10.1%, error=None
2026-08-20 15:32:19,220 [INFO] youtube_downloader: Task fb01833e-abe0-4235-8047-12aa4f00b78c updated: status=downloading (0.0 MB), progress=10.2%, error=None
2026-08-20 15:32:19,221 [INFO] youtube_downloader: Task fb01833e-abe0-4235-8047-12aa4f00b78c updated: status=downloading (0.0 MB), progress=10.5%, error=None
2026-08-20 15:32:19,225 [INFO] youtube_downloader: Task fb01833e-abe0-4235-8047-12aa4f00b78c updated: status=downloading (0.0 MB), progress=11.0%, error=None
2026-08-20 15:32:19,232 [INFO] youtube_downloader: Task fb01833e-abe0-4235-8047-12aa4f00b78c updated: status=downloading (0.1 MB), progress=12.0%, error=None
2026-08-20 15:32:19,244 [INFO] youtube_downloader: Task fb01833e-abe0-4235-8047-12aa4f00b78c updated: status=downloading (0.1 MB), progress=14.1%, error=None
2026-08-20 15:32:19,252 [INFO] youtube_downloader: Task fb01833e-abe0-4235-8047-12aa4f00b78c updated: status=downloading (0.2 MB), progress=18.3%, error=None
2026-08-20 15:32:19,266 [INFO] youtube_downloader: Task fb01833e-abe0-4235-8047-12aa4f00b78c updated: status=downloading (0.5 MB), progress=26.6%, error=None
2026-08-20 15:32:19,286 [INFO] youtube_downloader: Task fb01833e-abe0-4235-8047-12aa4f00b78c updated: status=downloading (1.0 MB), progress=43.3%, error=None
2026-08-20 15:32:19,329 [INFO] youtube_downloader: Task fb01833e-abe0-4235-8047-12aa4f00b78c updated: status=downloading (2.0 MB), progress=75.0%, error=None
2026-08-20 15:32:19,332 [INFO] youtube_downloader: Task fb01833e-abe0-4235-8047-12aa4f00b78c updated: status=processing, progress=75.0%, error=None
2026-08-20 15:32:19,420 [INFO] youtube_downloader: Task fb01833e-abe0-4235-8047-12aa4f00b78c updated: status=processing (converting to MP3), progress=80.0%, error=None
2026-08-20 15:32:19,420 [INFO] youtube_downloader: Running FFmpeg command: ffmpeg -y -i C:\Users\admin\Desktop\youtube-downloader\temp\fb01833e-abe0-4235-8047-12aa4f00b78c\audio.webm -b:a 320k -vn C:\Users\admin\Desktop\youtube-downloader\temp\fb01833e-abe0-4235-8047-12aa4f00b78c\output.mp3
2026-08-20 15:32:22,786 [INFO] youtube_downloader: Task fb01833e-abe0-4235-8047-12aa4f00b78c updated: status=embedding thumbnail & tags, progress=90.0%, error=None
2026-08-20 15:32:22,805 [INFO] youtube_downloader: Successfully embedded MP3 metadata and ID3v2.3 artwork for output.mp3
2026-08-20 15:32:22,821 [INFO] youtube_downloader: Task fb01833e-abe0-4235-8047-12aa4f00b78c updated: status=finalizing, progress=95.0%, error=None
2026-08-20 15:32:22,822 [INFO] youtube_downloader: Task fb01833e-abe0-4235-8047-12aa4f00b78c updated: status=ready, progress=100.0%, error=None
2026-08-20 15:32:22,828 [INFO] youtube_downloader: Cleaned up temporary workspace: C:\Users\admin\Desktop\youtube-downloader\temp\fb01833e-abe0-4235-8047-12aa4f00b78c
2026-08-20 15:32:23,155 [INFO] youtube_downloader: Cleaned up served download file: C:\Users\admin\Desktop\youtube-downloader\downloads\DEVA HO DEVA - TROLL 150 BPM MIX DJ ARK INDIA Ganpati Special Remix 2026.mp3
2026-08-20 15:36:26,415 [INFO] youtube_downloader: Initializing application and checking dependencies...
2026-08-20 15:36:26,422 [INFO] youtube_downloader: FFmpeg is available in local bin folder: C:\Users\admin\Desktop\youtube-downloader\bin
2026-08-20 15:36:26,423 [INFO] youtube_downloader: FFmpeg verification passed.
2026-08-20 15:37:50,418 [INFO] youtube_downloader: Initializing application and checking dependencies...
2026-08-20 15:37:50,427 [INFO] youtube_downloader: FFmpeg is available in local bin folder: C:\Users\admin\Desktop\youtube-downloader\bin
2026-08-20 15:37:50,427 [INFO] youtube_downloader: FFmpeg verification passed.
2026-08-20 15:39:19,806 [INFO] youtube_downloader: Analyzing URL (POST): https://youtu.be/ssc5xurmIbA?si=-Qj96W64A_EjRwuS
2026-08-20 15:39:19,808 [INFO] youtube_downloader: FFmpeg is available in system PATH.
2026-08-20 15:39:24,760 [INFO] youtube_downloader: Scheduling download for: https://youtu.be/ssc5xurmIbA?si=-Qj96W64A_EjRwuS | format=mp3 | quality=320
2026-08-20 15:39:24,760 [INFO] youtube_downloader: Task ec817f79-bbc5-44f6-bba1-f4b2f334c1cc updated: status=preparing, progress=0.0%, error=None
2026-08-20 15:39:24,760 [INFO] youtube_downloader: Task ec817f79-bbc5-44f6-bba1-f4b2f334c1cc updated: status=preparing, progress=0.0%, error=None
2026-08-20 15:39:24,765 [INFO] youtube_downloader: FFmpeg is available in system PATH.
2026-08-20 15:39:24,766 [INFO] youtube_downloader: Task ec817f79-bbc5-44f6-bba1-f4b2f334c1cc updated: status=fetching video information, progress=5.0%, error=None
2026-08-20 15:39:27,162 [INFO] youtube_downloader: Task ec817f79-bbc5-44f6-bba1-f4b2f334c1cc updated: status=fetching thumbnail, progress=8.0%, error=None
2026-08-20 15:39:27,995 [INFO] youtube_downloader: Running FFmpeg command: ffmpeg -y -i C:\Users\admin\Desktop\youtube-downloader\temp\ec817f79-bbc5-44f6-bba1-f4b2f334c1cc\thumb_raw C:\Users\admin\Desktop\youtube-downloader\temp\ec817f79-bbc5-44f6-bba1-f4b2f334c1cc\thumb.jpg
2026-08-20 15:39:28,150 [INFO] youtube_downloader: Successfully standardized downloaded thumbnail to JPEG.
2026-08-20 15:39:28,151 [INFO] youtube_downloader: Task ec817f79-bbc5-44f6-bba1-f4b2f334c1cc updated: status=downloading audio, progress=10.0%, error=None
2026-08-20 15:39:30,701 [INFO] youtube_downloader: Task ec817f79-bbc5-44f6-bba1-f4b2f334c1cc updated: status=downloading (0.0 MB), progress=10.0%, error=None
2026-08-20 15:39:30,703 [INFO] youtube_downloader: Task ec817f79-bbc5-44f6-bba1-f4b2f334c1cc updated: status=downloading (0.0 MB), progress=10.1%, error=None
2026-08-20 15:39:30,704 [INFO] youtube_downloader: Task ec817f79-bbc5-44f6-bba1-f4b2f334c1cc updated: status=downloading (0.0 MB), progress=10.1%, error=None
2026-08-20 15:39:30,707 [INFO] youtube_downloader: Task ec817f79-bbc5-44f6-bba1-f4b2f334c1cc updated: status=downloading (0.0 MB), progress=10.3%, error=None
2026-08-20 15:39:30,708 [INFO] youtube_downloader: Task ec817f79-bbc5-44f6-bba1-f4b2f334c1cc updated: status=downloading (0.0 MB), progress=10.6%, error=None
2026-08-20 15:39:30,716 [INFO] youtube_downloader: Task ec817f79-bbc5-44f6-bba1-f4b2f334c1cc updated: status=downloading (0.1 MB), progress=11.2%, error=None
2026-08-20 15:39:30,727 [INFO] youtube_downloader: Task ec817f79-bbc5-44f6-bba1-f4b2f334c1cc updated: status=downloading (0.1 MB), progress=12.4%, error=None
2026-08-20 15:39:30,740 [INFO] youtube_downloader: Task ec817f79-bbc5-44f6-bba1-f4b2f334c1cc updated: status=downloading (0.2 MB), progress=14.9%, error=None
2026-08-20 15:39:30,755 [INFO] youtube_downloader: Task ec817f79-bbc5-44f6-bba1-f4b2f334c1cc updated: status=downloading (0.5 MB), progress=19.8%, error=None
2026-08-20 15:39:30,772 [INFO] youtube_downloader: Task ec817f79-bbc5-44f6-bba1-f4b2f334c1cc updated: status=downloading (1.0 MB), progress=29.6%, error=None
2026-08-20 15:39:30,872 [INFO] youtube_downloader: Task ec817f79-bbc5-44f6-bba1-f4b2f334c1cc updated: status=downloading (2.0 MB), progress=49.2%, error=None
2026-08-20 15:39:30,940 [INFO] youtube_downloader: Task ec817f79-bbc5-44f6-bba1-f4b2f334c1cc updated: status=downloading (3.3 MB), progress=75.0%, error=None
2026-08-20 15:39:30,943 [INFO] youtube_downloader: Task ec817f79-bbc5-44f6-bba1-f4b2f334c1cc updated: status=processing, progress=75.0%, error=None
2026-08-20 15:39:30,986 [INFO] youtube_downloader: Task ec817f79-bbc5-44f6-bba1-f4b2f334c1cc updated: status=processing (converting to MP3), progress=80.0%, error=None
2026-08-20 15:39:30,987 [INFO] youtube_downloader: Running FFmpeg command: ffmpeg -y -i C:\Users\admin\Desktop\youtube-downloader\temp\ec817f79-bbc5-44f6-bba1-f4b2f334c1cc\audio.webm -b:a 320k -vn C:\Users\admin\Desktop\youtube-downloader\temp\ec817f79-bbc5-44f6-bba1-f4b2f334c1cc\output.mp3
2026-08-20 15:39:36,211 [INFO] youtube_downloader: Task ec817f79-bbc5-44f6-bba1-f4b2f334c1cc updated: status=embedding thumbnail & tags, progress=90.0%, error=None
2026-08-20 15:39:36,245 [INFO] youtube_downloader: Successfully embedded MP3 metadata and ID3v2.3 artwork for output.mp3
2026-08-20 15:39:36,272 [INFO] youtube_downloader: Task ec817f79-bbc5-44f6-bba1-f4b2f334c1cc updated: status=finalizing, progress=95.0%, error=None
2026-08-20 15:39:36,274 [INFO] youtube_downloader: Task ec817f79-bbc5-44f6-bba1-f4b2f334c1cc updated: status=ready, progress=100.0%, error=None
2026-08-20 15:39:36,278 [INFO] youtube_downloader: Cleaned up temporary workspace: C:\Users\admin\Desktop\youtube-downloader\temp\ec817f79-bbc5-44f6-bba1-f4b2f334c1cc
2026-08-20 15:40:04,498 [INFO] youtube_downloader: Initializing application and checking dependencies...
2026-08-20 15:40:04,509 [INFO] youtube_downloader: FFmpeg is available in local bin folder: C:\Users\admin\Desktop\youtube-downloader\bin
2026-08-20 15:40:04,510 [INFO] youtube_downloader: FFmpeg verification passed.
2026-08-20 15:40:13,601 [INFO] youtube_downloader: Analyzing URL (POST): https://youtu.be/ssc5xurmIbA?si=-Qj96W64A_EjRwuS
2026-08-20 15:40:13,605 [INFO] youtube_downloader: FFmpeg is available in system PATH.
2026-08-20 15:40:18,125 [INFO] youtube_downloader: Scheduling download for: https://youtu.be/ssc5xurmIbA?si=-Qj96W64A_EjRwuS | format=mp3 | quality=320
2026-08-20 15:40:18,126 [INFO] youtube_downloader: Task 0e9d35e9-09b5-4c52-9402-3c1def40e7ac updated: status=preparing, progress=0.0%, error=None
2026-08-20 15:40:18,126 [INFO] youtube_downloader: Task 0e9d35e9-09b5-4c52-9402-3c1def40e7ac updated: status=preparing, progress=0.0%, error=None
2026-08-20 15:40:18,133 [INFO] youtube_downloader: FFmpeg is available in system PATH.
2026-08-20 15:40:18,133 [INFO] youtube_downloader: Task 0e9d35e9-09b5-4c52-9402-3c1def40e7ac updated: status=fetching video information, progress=5.0%, error=None
2026-08-20 15:40:20,728 [INFO] youtube_downloader: Task 0e9d35e9-09b5-4c52-9402-3c1def40e7ac updated: status=fetching thumbnail, progress=8.0%, error=None
2026-08-20 15:40:21,453 [INFO] youtube_downloader: Running FFmpeg command: ffmpeg -y -i C:\Users\admin\Desktop\youtube-downloader\temp\0e9d35e9-09b5-4c52-9402-3c1def40e7ac\thumb_raw C:\Users\admin\Desktop\youtube-downloader\temp\0e9d35e9-09b5-4c52-9402-3c1def40e7ac\thumb.jpg
2026-08-20 15:40:21,590 [INFO] youtube_downloader: Successfully standardized downloaded thumbnail to JPEG.
2026-08-20 15:40:21,590 [INFO] youtube_downloader: Task 0e9d35e9-09b5-4c52-9402-3c1def40e7ac updated: status=downloading audio, progress=10.0%, error=None
2026-08-20 15:40:24,743 [INFO] youtube_downloader: Task 0e9d35e9-09b5-4c52-9402-3c1def40e7ac updated: status=downloading (0.0 MB), progress=10.0%, error=None
2026-08-20 15:40:24,745 [INFO] youtube_downloader: Task 0e9d35e9-09b5-4c52-9402-3c1def40e7ac updated: status=downloading (0.0 MB), progress=10.1%, error=None
2026-08-20 15:40:24,746 [INFO] youtube_downloader: Task 0e9d35e9-09b5-4c52-9402-3c1def40e7ac updated: status=downloading (0.0 MB), progress=10.1%, error=None
2026-08-20 15:40:24,748 [INFO] youtube_downloader: Task 0e9d35e9-09b5-4c52-9402-3c1def40e7ac updated: status=downloading (0.0 MB), progress=10.3%, error=None
2026-08-20 15:40:24,753 [INFO] youtube_downloader: Task 0e9d35e9-09b5-4c52-9402-3c1def40e7ac updated: status=downloading (0.0 MB), progress=10.6%, error=None
2026-08-20 15:40:24,758 [INFO] youtube_downloader: Task 0e9d35e9-09b5-4c52-9402-3c1def40e7ac updated: status=downloading (0.1 MB), progress=11.2%, error=None
2026-08-20 15:40:24,770 [INFO] youtube_downloader: Task 0e9d35e9-09b5-4c52-9402-3c1def40e7ac updated: status=downloading (0.1 MB), progress=12.4%, error=None
2026-08-20 15:40:24,781 [INFO] youtube_downloader: Task 0e9d35e9-09b5-4c52-9402-3c1def40e7ac updated: status=downloading (0.2 MB), progress=14.9%, error=None
2026-08-20 15:40:24,793 [INFO] youtube_downloader: Task 0e9d35e9-09b5-4c52-9402-3c1def40e7ac updated: status=downloading (0.5 MB), progress=19.8%, error=None
2026-08-20 15:40:24,809 [INFO] youtube_downloader: Task 0e9d35e9-09b5-4c52-9402-3c1def40e7ac updated: status=downloading (1.0 MB), progress=29.6%, error=None
2026-08-20 15:40:24,834 [INFO] youtube_downloader: Task 0e9d35e9-09b5-4c52-9402-3c1def40e7ac updated: status=downloading (2.0 MB), progress=49.2%, error=None
2026-08-20 15:40:24,942 [INFO] youtube_downloader: Task 0e9d35e9-09b5-4c52-9402-3c1def40e7ac updated: status=downloading (3.3 MB), progress=75.0%, error=None
2026-08-20 15:40:24,944 [INFO] youtube_downloader: Task 0e9d35e9-09b5-4c52-9402-3c1def40e7ac updated: status=processing, progress=75.0%, error=None
2026-08-20 15:40:25,075 [INFO] youtube_downloader: Task 0e9d35e9-09b5-4c52-9402-3c1def40e7ac updated: status=processing (converting to MP3), progress=80.0%, error=None
2026-08-20 15:40:25,077 [INFO] youtube_downloader: Running FFmpeg command: ffmpeg -y -i C:\Users\admin\Desktop\youtube-downloader\temp\0e9d35e9-09b5-4c52-9402-3c1def40e7ac\audio.webm -b:a 320k -vn C:\Users\admin\Desktop\youtube-downloader\temp\0e9d35e9-09b5-4c52-9402-3c1def40e7ac\output.mp3
2026-08-20 15:40:30,047 [INFO] youtube_downloader: Task 0e9d35e9-09b5-4c52-9402-3c1def40e7ac updated: status=embedding thumbnail & tags, progress=90.0%, error=None
2026-08-20 15:40:30,062 [INFO] youtube_downloader: Successfully embedded MP3 metadata and ID3v2.3 artwork for output.mp3
2026-08-20 15:40:30,076 [INFO] youtube_downloader: Task 0e9d35e9-09b5-4c52-9402-3c1def40e7ac updated: status=finalizing, progress=95.0%, error=None
2026-08-20 15:40:30,077 [INFO] youtube_downloader: Task 0e9d35e9-09b5-4c52-9402-3c1def40e7ac updated: status=ready, progress=100.0%, error=None
2026-08-20 15:40:30,079 [INFO] youtube_downloader: Cleaned up temporary workspace: C:\Users\admin\Desktop\youtube-downloader\temp\0e9d35e9-09b5-4c52-9402-3c1def40e7ac
2026-08-20 15:40:30,296 [INFO] youtube_downloader: Cleaned up served download file: C:\Users\admin\Desktop\youtube-downloader\downloads\DJ Dels x DJ R king_615254.mp3
2026-08-20 15:44:40,083 [INFO] youtube_downloader: Initializing application and checking dependencies...
2026-08-20 15:44:40,093 [INFO] youtube_downloader: FFmpeg is available in local bin folder: C:\Users\admin\Desktop\youtube-downloader\bin
2026-08-20 15:44:40,094 [INFO] youtube_downloader: FFmpeg verification passed.
2026-08-20 15:46:50,836 [INFO] youtube_downloader: Analyzing URL (POST): https://youtu.be/3qaqmcWO31k?si=zdcB_Lk-WvV11VPQ
2026-08-20 15:46:50,839 [INFO] youtube_downloader: FFmpeg is available in system PATH.
2026-08-20 15:46:59,519 [INFO] youtube_downloader: Scheduling download for: https://youtu.be/3qaqmcWO31k?si=zdcB_Lk-WvV11VPQ | format=mp3 | quality=320
2026-08-20 15:46:59,519 [INFO] youtube_downloader: Task a069ecb6-4402-4c70-9619-b5fd4aa95288 updated: status=preparing, progress=0.0%, error=None
2026-08-20 15:46:59,520 [INFO] youtube_downloader: Task a069ecb6-4402-4c70-9619-b5fd4aa95288 updated: status=preparing, progress=0.0%, error=None
2026-08-20 15:46:59,530 [INFO] youtube_downloader: FFmpeg is available in system PATH.
2026-08-20 15:46:59,530 [INFO] youtube_downloader: Task a069ecb6-4402-4c70-9619-b5fd4aa95288 updated: status=fetching video information, progress=5.0%, error=None
2026-08-20 15:47:02,897 [INFO] youtube_downloader: Task a069ecb6-4402-4c70-9619-b5fd4aa95288 updated: status=fetching thumbnail, progress=8.0%, error=None
2026-08-20 15:47:04,291 [INFO] youtube_downloader: Running FFmpeg command: ffmpeg -y -i C:\Users\admin\Desktop\youtube-downloader\temp\a069ecb6-4402-4c70-9619-b5fd4aa95288\thumb_raw C:\Users\admin\Desktop\youtube-downloader\temp\a069ecb6-4402-4c70-9619-b5fd4aa95288\thumb.jpg
2026-08-20 15:47:04,421 [INFO] youtube_downloader: Successfully standardized downloaded thumbnail to JPEG.
2026-08-20 15:47:04,421 [INFO] youtube_downloader: Task a069ecb6-4402-4c70-9619-b5fd4aa95288 updated: status=downloading audio, progress=10.0%, error=None
2026-08-20 15:47:07,593 [INFO] youtube_downloader: Task a069ecb6-4402-4c70-9619-b5fd4aa95288 updated: status=downloading (0.0 MB), progress=10.0%, error=None
2026-08-20 15:47:07,598 [INFO] youtube_downloader: Task a069ecb6-4402-4c70-9619-b5fd4aa95288 updated: status=downloading (0.0 MB), progress=10.1%, error=None
2026-08-20 15:47:07,599 [INFO] youtube_downloader: Task a069ecb6-4402-4c70-9619-b5fd4aa95288 updated: status=downloading (0.0 MB), progress=10.1%, error=None
2026-08-20 15:47:07,601 [INFO] youtube_downloader: Task a069ecb6-4402-4c70-9619-b5fd4aa95288 updated: status=downloading (0.0 MB), progress=10.3%, error=None
2026-08-20 15:47:07,602 [INFO] youtube_downloader: Task a069ecb6-4402-4c70-9619-b5fd4aa95288 updated: status=downloading (0.0 MB), progress=10.6%, error=None
2026-08-20 15:47:07,610 [INFO] youtube_downloader: Task a069ecb6-4402-4c70-9619-b5fd4aa95288 updated: status=downloading (0.1 MB), progress=11.3%, error=None
2026-08-20 15:47:07,618 [INFO] youtube_downloader: Task a069ecb6-4402-4c70-9619-b5fd4aa95288 updated: status=downloading (0.1 MB), progress=12.6%, error=None
2026-08-20 15:47:07,633 [INFO] youtube_downloader: Task a069ecb6-4402-4c70-9619-b5fd4aa95288 updated: status=downloading (0.2 MB), progress=15.3%, error=None
2026-08-20 15:47:07,648 [INFO] youtube_downloader: Task a069ecb6-4402-4c70-9619-b5fd4aa95288 updated: status=downloading (0.5 MB), progress=20.6%, error=None
2026-08-20 15:47:07,669 [INFO] youtube_downloader: Task a069ecb6-4402-4c70-9619-b5fd4aa95288 updated: status=downloading (1.0 MB), progress=31.2%, error=None
2026-08-20 15:47:07,704 [INFO] youtube_downloader: Task a069ecb6-4402-4c70-9619-b5fd4aa95288 updated: status=downloading (2.0 MB), progress=52.4%, error=None
2026-08-20 15:47:07,772 [INFO] youtube_downloader: Task a069ecb6-4402-4c70-9619-b5fd4aa95288 updated: status=downloading (3.1 MB), progress=75.0%, error=None
2026-08-20 15:47:07,776 [INFO] youtube_downloader: Task a069ecb6-4402-4c70-9619-b5fd4aa95288 updated: status=processing, progress=75.0%, error=None
2026-08-20 15:47:07,901 [INFO] youtube_downloader: Task a069ecb6-4402-4c70-9619-b5fd4aa95288 updated: status=processing (converting to MP3), progress=80.0%, error=None
2026-08-20 15:47:07,901 [INFO] youtube_downloader: Running FFmpeg command: ffmpeg -y -i C:\Users\admin\Desktop\youtube-downloader\temp\a069ecb6-4402-4c70-9619-b5fd4aa95288\audio.webm -b:a 320k -vn C:\Users\admin\Desktop\youtube-downloader\temp\a069ecb6-4402-4c70-9619-b5fd4aa95288\output.mp3
2026-08-20 15:47:14,385 [INFO] youtube_downloader: Task a069ecb6-4402-4c70-9619-b5fd4aa95288 updated: status=embedding thumbnail & tags, progress=90.0%, error=None
2026-08-20 15:47:14,418 [INFO] youtube_downloader: Successfully embedded MP3 metadata and ID3v2.3 artwork for output.mp3
2026-08-20 15:47:14,446 [INFO] youtube_downloader: Task a069ecb6-4402-4c70-9619-b5fd4aa95288 updated: status=finalizing, progress=95.0%, error=None
2026-08-20 15:47:14,448 [INFO] youtube_downloader: Task a069ecb6-4402-4c70-9619-b5fd4aa95288 updated: status=ready, progress=100.0%, error=None
2026-08-20 15:47:14,452 [INFO] youtube_downloader: Cleaned up temporary workspace: C:\Users\admin\Desktop\youtube-downloader\temp\a069ecb6-4402-4c70-9619-b5fd4aa95288
2026-08-20 15:47:14,910 [INFO] youtube_downloader: Cleaned up served download file: C:\Users\admin\Desktop\youtube-downloader\downloads\Taambdi Chaambdi Dj CT Music - Style Dance RMX.mp3
2026-08-20 16:02:25,572 [INFO] youtube_downloader: Initializing application and checking dependencies...
2026-08-20 16:02:25,583 [INFO] youtube_downloader: FFmpeg is available in local bin folder: C:\Users\admin\Desktop\youtube-downloader\bin
2026-08-20 16:02:25,584 [INFO] youtube_downloader: FFmpeg verification passed.
2026-08-20 16:02:32,590 [INFO] youtube_downloader: Analyzing URL (POST): https://youtu.be/KxV9JvaT9hc?si=LA-GziKhvcSDTxkq
2026-08-20 16:02:32,592 [INFO] youtube_downloader: FFmpeg is available in system PATH.
2026-08-20 16:04:55,763 [INFO] youtube_downloader: Analyzing URL (POST): https://youtu.be/KxV9JvaT9hc?si=LA-GziKhvcSDTxkq
2026-08-20 16:04:55,769 [INFO] youtube_downloader: FFmpeg is available in system PATH.
2026-08-20 16:07:17,820 [INFO] youtube_downloader: Analyzing URL (POST): https://youtu.be/KxV9JvaT9hc?si=5bgP8GiIMfSokXLy
2026-08-20 16:07:17,822 [INFO] youtube_downloader: FFmpeg is available in system PATH.
2026-08-20 16:09:01,916 [INFO] youtube_downloader: Analyzing URL (POST): https://youtu.be/KxV9JvaT9hc?si=5bgP8GiIMfSokXLy
2026-08-20 16:09:01,920 [INFO] youtube_downloader: FFmpeg is available in system PATH.
2026-08-20 16:10:40,992 [INFO] youtube_downloader: Analyzing URL (POST): https://youtu.be/KxV9JvaT9hc?si=vkNNQA1UPJuKaHzB
2026-08-20 16:10:40,998 [INFO] youtube_downloader: FFmpeg is available in system PATH.
2026-08-20 16:10:51,370 [INFO] youtube_downloader: Scheduling download for: https://youtu.be/KxV9JvaT9hc?si=vkNNQA1UPJuKaHzB | format=mp3 | quality=320
2026-08-20 16:10:51,371 [INFO] youtube_downloader: Task 66acc5f4-aa53-469c-8906-b820a99ff279 updated: status=preparing, progress=0.0%, error=None
2026-08-20 16:10:51,371 [INFO] youtube_downloader: Task 66acc5f4-aa53-469c-8906-b820a99ff279 updated: status=preparing, progress=0.0%, error=None
2026-08-20 16:10:51,377 [INFO] youtube_downloader: FFmpeg is available in system PATH.
2026-08-20 16:10:51,377 [INFO] youtube_downloader: Task 66acc5f4-aa53-469c-8906-b820a99ff279 updated: status=fetching video information, progress=5.0%, error=None
2026-08-20 16:10:54,283 [INFO] youtube_downloader: Task 66acc5f4-aa53-469c-8906-b820a99ff279 updated: status=fetching thumbnail, progress=8.0%, error=None
2026-08-20 16:10:55,047 [INFO] youtube_downloader: Running FFmpeg command: ffmpeg -y -i C:\Users\admin\Desktop\youtube-downloader\temp\66acc5f4-aa53-469c-8906-b820a99ff279\thumb_raw C:\Users\admin\Desktop\youtube-downloader\temp\66acc5f4-aa53-469c-8906-b820a99ff279\thumb.jpg
2026-08-20 16:10:55,197 [INFO] youtube_downloader: Successfully standardized downloaded thumbnail to JPEG.
2026-08-20 16:10:55,197 [INFO] youtube_downloader: Task 66acc5f4-aa53-469c-8906-b820a99ff279 updated: status=downloading audio, progress=10.0%, error=None
2026-08-20 16:10:58,715 [INFO] youtube_downloader: Task 66acc5f4-aa53-469c-8906-b820a99ff279 updated: status=downloading (0.0 MB), progress=10.0%, error=None
2026-08-20 16:10:58,720 [INFO] youtube_downloader: Task 66acc5f4-aa53-469c-8906-b820a99ff279 updated: status=downloading (0.0 MB), progress=10.1%, error=None
2026-08-20 16:10:58,721 [INFO] youtube_downloader: Task 66acc5f4-aa53-469c-8906-b820a99ff279 updated: status=downloading (0.0 MB), progress=10.1%, error=None
2026-08-20 16:10:58,724 [INFO] youtube_downloader: Task 66acc5f4-aa53-469c-8906-b820a99ff279 updated: status=downloading (0.0 MB), progress=10.3%, error=None
2026-08-20 16:10:58,728 [INFO] youtube_downloader: Task 66acc5f4-aa53-469c-8906-b820a99ff279 updated: status=downloading (0.0 MB), progress=10.5%, error=None
2026-08-20 16:10:58,735 [INFO] youtube_downloader: Task 66acc5f4-aa53-469c-8906-b820a99ff279 updated: status=downloading (0.1 MB), progress=11.1%, error=None
2026-08-20 16:10:58,745 [INFO] youtube_downloader: Task 66acc5f4-aa53-469c-8906-b820a99ff279 updated: status=downloading (0.1 MB), progress=12.2%, error=None
2026-08-20 16:10:58,755 [INFO] youtube_downloader: Task 66acc5f4-aa53-469c-8906-b820a99ff279 updated: status=downloading (0.2 MB), progress=14.4%, error=None
2026-08-20 16:10:58,772 [INFO] youtube_downloader: Task 66acc5f4-aa53-469c-8906-b820a99ff279 updated: status=downloading (0.5 MB), progress=18.9%, error=None
2026-08-20 16:10:58,788 [INFO] youtube_downloader: Task 66acc5f4-aa53-469c-8906-b820a99ff279 updated: status=downloading (1.0 MB), progress=27.8%, error=None
2026-08-20 16:10:58,808 [INFO] youtube_downloader: Task 66acc5f4-aa53-469c-8906-b820a99ff279 updated: status=downloading (2.0 MB), progress=45.6%, error=None
2026-08-20 16:10:58,945 [INFO] youtube_downloader: Task 66acc5f4-aa53-469c-8906-b820a99ff279 updated: status=downloading (3.7 MB), progress=75.0%, error=None
2026-08-20 16:10:58,947 [INFO] youtube_downloader: Task 66acc5f4-aa53-469c-8906-b820a99ff279 updated: status=processing, progress=75.0%, error=None
2026-08-20 16:10:59,053 [INFO] youtube_downloader: Task 66acc5f4-aa53-469c-8906-b820a99ff279 updated: status=processing (converting to MP3), progress=80.0%, error=None
2026-08-20 16:10:59,054 [INFO] youtube_downloader: Running FFmpeg command: ffmpeg -y -i C:\Users\admin\Desktop\youtube-downloader\temp\66acc5f4-aa53-469c-8906-b820a99ff279\audio.webm -b:a 320k -vn C:\Users\admin\Desktop\youtube-downloader\temp\66acc5f4-aa53-469c-8906-b820a99ff279\output.mp3
2026-08-20 16:11:07,589 [INFO] youtube_downloader: Task 66acc5f4-aa53-469c-8906-b820a99ff279 updated: status=embedding thumbnail & tags, progress=90.0%, error=None
2026-08-20 16:11:07,629 [INFO] youtube_downloader: Successfully embedded MP3 metadata and ID3v2.3 artwork for output.mp3
2026-08-20 16:11:07,686 [INFO] youtube_downloader: Task 66acc5f4-aa53-469c-8906-b820a99ff279 updated: status=finalizing, progress=95.0%, error=None
2026-08-20 16:11:07,691 [INFO] youtube_downloader: Task 66acc5f4-aa53-469c-8906-b820a99ff279 updated: status=ready, progress=100.0%, error=None
2026-08-20 16:11:07,700 [INFO] youtube_downloader: Cleaned up temporary workspace: C:\Users\admin\Desktop\youtube-downloader\temp\66acc5f4-aa53-469c-8906-b820a99ff279
2026-08-20 16:11:08,952 [INFO] youtube_downloader: Cleaned up served download file: C:\Users\admin\Desktop\youtube-downloader\downloads\Sadda Dil Vi Tu (Ga Ga Ga Ganpati) - DJ Abhishek & DJ Vinisha Remix.mp3
2026-08-20 16:14:46,377 [INFO] youtube_downloader: Analyzing URL (POST): https://youtu.be/Id1uT4jNyxE?si=wlJMsSM31X4Oxppm
2026-08-20 16:14:46,381 [INFO] youtube_downloader: FFmpeg is available in system PATH.
2026-08-20 16:14:58,766 [INFO] youtube_downloader: Scheduling download for: https://youtu.be/Id1uT4jNyxE?si=wlJMsSM31X4Oxppm | format=mp3 | quality=320
2026-08-20 16:14:58,766 [INFO] youtube_downloader: Task fdf2d0c7-151b-42a6-92e3-825b71250bcb updated: status=preparing, progress=0.0%, error=None
2026-08-20 16:14:58,767 [INFO] youtube_downloader: Task fdf2d0c7-151b-42a6-92e3-825b71250bcb updated: status=preparing, progress=0.0%, error=None
2026-08-20 16:14:58,770 [INFO] youtube_downloader: FFmpeg is available in system PATH.
2026-08-20 16:14:58,770 [INFO] youtube_downloader: Task fdf2d0c7-151b-42a6-92e3-825b71250bcb updated: status=fetching video information, progress=5.0%, error=None
2026-08-20 16:15:01,360 [INFO] youtube_downloader: Task fdf2d0c7-151b-42a6-92e3-825b71250bcb updated: status=fetching thumbnail, progress=8.0%, error=None
2026-08-20 16:15:02,190 [INFO] youtube_downloader: Running FFmpeg command: ffmpeg -y -i C:\Users\admin\Desktop\youtube-downloader\temp\fdf2d0c7-151b-42a6-92e3-825b71250bcb\thumb_raw C:\Users\admin\Desktop\youtube-downloader\temp\fdf2d0c7-151b-42a6-92e3-825b71250bcb\thumb.jpg
2026-08-20 16:15:02,338 [INFO] youtube_downloader: Successfully standardized downloaded thumbnail to JPEG.
2026-08-20 16:15:02,338 [INFO] youtube_downloader: Task fdf2d0c7-151b-42a6-92e3-825b71250bcb updated: status=downloading audio, progress=10.0%, error=None
2026-08-20 16:15:05,628 [INFO] youtube_downloader: Task fdf2d0c7-151b-42a6-92e3-825b71250bcb updated: status=downloading (0.0 MB), progress=10.0%, error=None
2026-08-20 16:15:05,630 [INFO] youtube_downloader: Task fdf2d0c7-151b-42a6-92e3-825b71250bcb updated: status=downloading (0.0 MB), progress=10.1%, error=None
2026-08-20 16:15:05,633 [INFO] youtube_downloader: Task fdf2d0c7-151b-42a6-92e3-825b71250bcb updated: status=downloading (0.0 MB), progress=10.2%, error=None
2026-08-20 16:15:05,637 [INFO] youtube_downloader: Task fdf2d0c7-151b-42a6-92e3-825b71250bcb updated: status=downloading (0.0 MB), progress=10.4%, error=None
2026-08-20 16:15:05,639 [INFO] youtube_downloader: Task fdf2d0c7-151b-42a6-92e3-825b71250bcb updated: status=downloading (0.0 MB), progress=10.9%, error=None
2026-08-20 16:15:05,647 [INFO] youtube_downloader: Task fdf2d0c7-151b-42a6-92e3-825b71250bcb updated: status=downloading (0.1 MB), progress=11.7%, error=None
2026-08-20 16:15:05,656 [INFO] youtube_downloader: Task fdf2d0c7-151b-42a6-92e3-825b71250bcb updated: status=downloading (0.1 MB), progress=13.5%, error=None
2026-08-20 16:15:05,666 [INFO] youtube_downloader: Task fdf2d0c7-151b-42a6-92e3-825b71250bcb updated: status=downloading (0.2 MB), progress=17.0%, error=None
2026-08-20 16:15:05,683 [INFO] youtube_downloader: Task fdf2d0c7-151b-42a6-92e3-825b71250bcb updated: status=downloading (0.5 MB), progress=24.1%, error=None
2026-08-20 16:15:05,710 [INFO] youtube_downloader: Task fdf2d0c7-151b-42a6-92e3-825b71250bcb updated: status=downloading (1.0 MB), progress=38.3%, error=None
2026-08-20 16:15:05,740 [INFO] youtube_downloader: Task fdf2d0c7-151b-42a6-92e3-825b71250bcb updated: status=downloading (2.0 MB), progress=66.6%, error=None
2026-08-20 16:15:05,744 [INFO] youtube_downloader: Task fdf2d0c7-151b-42a6-92e3-825b71250bcb updated: status=downloading (2.3 MB), progress=75.0%, error=None
2026-08-20 16:15:05,750 [INFO] youtube_downloader: Task fdf2d0c7-151b-42a6-92e3-825b71250bcb updated: status=processing, progress=75.0%, error=None
2026-08-20 16:15:05,861 [INFO] youtube_downloader: Task fdf2d0c7-151b-42a6-92e3-825b71250bcb updated: status=processing (converting to MP3), progress=80.0%, error=None
2026-08-20 16:15:05,864 [INFO] youtube_downloader: Running FFmpeg command: ffmpeg -y -i C:\Users\admin\Desktop\youtube-downloader\temp\fdf2d0c7-151b-42a6-92e3-825b71250bcb\audio.webm -b:a 320k -vn C:\Users\admin\Desktop\youtube-downloader\temp\fdf2d0c7-151b-42a6-92e3-825b71250bcb\output.mp3
2026-08-20 16:15:10,009 [INFO] youtube_downloader: Task fdf2d0c7-151b-42a6-92e3-825b71250bcb updated: status=embedding thumbnail & tags, progress=90.0%, error=None
2026-08-20 16:15:10,029 [INFO] youtube_downloader: Successfully embedded MP3 metadata and ID3v2.3 artwork for output.mp3
2026-08-20 16:15:10,054 [INFO] youtube_downloader: Task fdf2d0c7-151b-42a6-92e3-825b71250bcb updated: status=finalizing, progress=95.0%, error=None
2026-08-20 16:15:10,056 [INFO] youtube_downloader: Task fdf2d0c7-151b-42a6-92e3-825b71250bcb updated: status=ready, progress=100.0%, error=None
2026-08-20 16:15:10,062 [INFO] youtube_downloader: Cleaned up temporary workspace: C:\Users\admin\Desktop\youtube-downloader\temp\fdf2d0c7-151b-42a6-92e3-825b71250bcb
2026-08-20 16:15:11,091 [INFO] youtube_downloader: Cleaned up served download file: C:\Users\admin\Desktop\youtube-downloader\downloads\Theme Of Ganpati Aagman - Dhol Tasha Mix Original DJ Lns.mp3
2026-08-20 16:15:49,299 [INFO] youtube_downloader: Analyzing URL (POST): https://youtu.be/Id1uT4jNyxE?si=wlJMsSM31X4Oxppm
2026-08-20 16:15:49,302 [INFO] youtube_downloader: FFmpeg is available in system PATH.
2026-08-20 16:22:28,081 [INFO] youtube_downloader: Initializing application and checking dependencies...
2026-08-20 16:22:28,092 [INFO] youtube_downloader: FFmpeg is available in local bin folder: C:\Users\admin\Desktop\youtube-downloader\bin
2026-08-20 16:22:28,092 [INFO] youtube_downloader: FFmpeg verification passed.
2026-08-20 16:23:59,703 [INFO] youtube_downloader: Initializing application and checking dependencies...
2026-08-20 16:23:59,713 [INFO] youtube_downloader: FFmpeg is available in local bin folder: C:\Users\admin\Desktop\youtube-downloader\bin
2026-08-20 16:23:59,713 [INFO] youtube_downloader: FFmpeg verification passed.
2026-08-20 16:25:10,014 [INFO] youtube_downloader: Initializing application and checking dependencies...
2026-08-20 16:25:10,023 [INFO] youtube_downloader: FFmpeg is available in local bin folder: C:\Users\admin\Desktop\youtube-downloader\bin
2026-08-20 16:25:10,023 [INFO] youtube_downloader: FFmpeg verification passed.
2026-08-20 16:26:30,458 [INFO] youtube_downloader: Initializing application and checking dependencies...
2026-08-20 16:26:30,472 [INFO] youtube_downloader: FFmpeg is available in local bin folder: C:\Users\admin\Desktop\youtube-downloader\bin
2026-08-20 16:26:30,472 [INFO] youtube_downloader: FFmpeg verification passed.
2026-08-20 16:29:41,772 [INFO] youtube_downloader: Initializing application and checking dependencies...
2026-08-20 16:29:41,792 [INFO] youtube_downloader: FFmpeg is available in local bin folder: C:\Users\admin\Desktop\youtube-downloader\bin
2026-08-20 16:29:41,793 [INFO] youtube_downloader: FFmpeg verification passed.
2026-08-20 16:30:54,846 [INFO] youtube_downloader: Analyzing URL (POST): https://youtu.be/EytkE0a8bsY?si=CdnNzoiNaMchpJO7
2026-08-20 16:30:54,850 [INFO] youtube_downloader: FFmpeg is available in system PATH.
2026-08-20 16:31:01,359 [INFO] youtube_downloader: Scheduling download for: https://youtu.be/EytkE0a8bsY?si=CdnNzoiNaMchpJO7 | format=mp3 | quality=320
2026-08-20 16:31:01,359 [INFO] youtube_downloader: Task a11ea7ea-c71f-4f01-9023-7039c45a7eaa updated: status=preparing, progress=0.0%, error=None
2026-08-20 16:31:01,360 [INFO] youtube_downloader: Task a11ea7ea-c71f-4f01-9023-7039c45a7eaa updated: status=preparing, progress=0.0%, error=None
2026-08-20 16:31:01,370 [INFO] youtube_downloader: FFmpeg is available in system PATH.
2026-08-20 16:31:01,372 [INFO] youtube_downloader: Task a11ea7ea-c71f-4f01-9023-7039c45a7eaa updated: status=fetching video information, progress=5.0%, error=None
2026-08-20 16:31:05,512 [INFO] youtube_downloader: Task a11ea7ea-c71f-4f01-9023-7039c45a7eaa updated: status=fetching thumbnail, progress=8.0%, error=None
2026-08-20 16:31:06,329 [INFO] youtube_downloader: Running FFmpeg command: ffmpeg -y -i C:\Users\admin\Desktop\youtube-downloader\temp\a11ea7ea-c71f-4f01-9023-7039c45a7eaa\thumb_raw C:\Users\admin\Desktop\youtube-downloader\temp\a11ea7ea-c71f-4f01-9023-7039c45a7eaa\thumb.jpg
2026-08-20 16:31:06,598 [INFO] youtube_downloader: Successfully standardized downloaded thumbnail to JPEG.
2026-08-20 16:31:06,600 [INFO] youtube_downloader: Task a11ea7ea-c71f-4f01-9023-7039c45a7eaa updated: status=downloading audio, progress=10.0%, error=None
2026-08-20 16:31:11,062 [INFO] youtube_downloader: Task a11ea7ea-c71f-4f01-9023-7039c45a7eaa updated: status=downloading (0.0 MB), progress=10.0%, error=None
2026-08-20 16:31:11,065 [INFO] youtube_downloader: Task a11ea7ea-c71f-4f01-9023-7039c45a7eaa updated: status=downloading (0.0 MB), progress=10.1%, error=None
2026-08-20 16:31:11,068 [INFO] youtube_downloader: Task a11ea7ea-c71f-4f01-9023-7039c45a7eaa updated: status=downloading (0.0 MB), progress=10.1%, error=None
2026-08-20 16:31:11,072 [INFO] youtube_downloader: Task a11ea7ea-c71f-4f01-9023-7039c45a7eaa updated: status=downloading (0.0 MB), progress=10.3%, error=None
2026-08-20 16:31:11,074 [INFO] youtube_downloader: Task a11ea7ea-c71f-4f01-9023-7039c45a7eaa updated: status=downloading (0.0 MB), progress=10.6%, error=None
2026-08-20 16:31:11,079 [INFO] youtube_downloader: Task a11ea7ea-c71f-4f01-9023-7039c45a7eaa updated: status=downloading (0.1 MB), progress=11.2%, error=None
2026-08-20 16:31:11,094 [INFO] youtube_downloader: Task a11ea7ea-c71f-4f01-9023-7039c45a7eaa updated: status=downloading (0.1 MB), progress=12.4%, error=None
2026-08-20 16:31:11,105 [INFO] youtube_downloader: Task a11ea7ea-c71f-4f01-9023-7039c45a7eaa updated: status=downloading (0.2 MB), progress=14.9%, error=None
2026-08-20 16:31:11,126 [INFO] youtube_downloader: Task a11ea7ea-c71f-4f01-9023-7039c45a7eaa updated: status=downloading (0.5 MB), progress=19.8%, error=None
2026-08-20 16:31:11,151 [INFO] youtube_downloader: Task a11ea7ea-c71f-4f01-9023-7039c45a7eaa updated: status=downloading (1.0 MB), progress=29.7%, error=None
2026-08-20 16:31:11,190 [INFO] youtube_downloader: Task a11ea7ea-c71f-4f01-9023-7039c45a7eaa updated: status=downloading (2.0 MB), progress=49.4%, error=None
2026-08-20 16:31:11,274 [INFO] youtube_downloader: Task a11ea7ea-c71f-4f01-9023-7039c45a7eaa updated: status=downloading (3.3 MB), progress=75.0%, error=None
2026-08-20 16:31:11,282 [INFO] youtube_downloader: Task a11ea7ea-c71f-4f01-9023-7039c45a7eaa updated: status=processing, progress=75.0%, error=None
2026-08-20 16:31:11,578 [INFO] youtube_downloader: Task a11ea7ea-c71f-4f01-9023-7039c45a7eaa updated: status=processing (converting to MP3), progress=80.0%, error=None
2026-08-20 16:31:11,578 [INFO] youtube_downloader: Running FFmpeg command: ffmpeg -y -i C:\Users\admin\Desktop\youtube-downloader\temp\a11ea7ea-c71f-4f01-9023-7039c45a7eaa\audio.webm -b:a 320k -vn C:\Users\admin\Desktop\youtube-downloader\temp\a11ea7ea-c71f-4f01-9023-7039c45a7eaa\output.mp3
2026-08-20 16:31:24,383 [INFO] youtube_downloader: Task a11ea7ea-c71f-4f01-9023-7039c45a7eaa updated: status=embedding thumbnail & tags, progress=90.0%, error=None
2026-08-20 16:31:24,439 [INFO] youtube_downloader: Successfully embedded MP3 metadata and ID3v2.3 artwork for output.mp3
2026-08-20 16:31:24,483 [INFO] youtube_downloader: Task a11ea7ea-c71f-4f01-9023-7039c45a7eaa updated: status=finalizing, progress=95.0%, error=None
2026-08-20 16:31:24,487 [INFO] youtube_downloader: Task a11ea7ea-c71f-4f01-9023-7039c45a7eaa updated: status=ready, progress=100.0%, error=None
2026-08-20 16:31:24,494 [INFO] youtube_downloader: Cleaned up temporary workspace: C:\Users\admin\Desktop\youtube-downloader\temp\a11ea7ea-c71f-4f01-9023-7039c45a7eaa
2026-08-20 16:31:25,907 [INFO] youtube_downloader: Cleaned up served download file: C:\Users\admin\Desktop\youtube-downloader\downloads\BABAM BAM Paradox Remix Hustle 2.0 Bam Lehri 2024 BERRY MUSIC.mp3
2026-08-20 17:19:33,645 [INFO] youtube_downloader: Initializing application and checking dependencies...
2026-08-20 17:19:33,679 [INFO] youtube_downloader: FFmpeg is available in local bin folder: C:\Users\admin\Desktop\youtube-downloader\bin
2026-08-20 17:19:33,682 [INFO] youtube_downloader: FFmpeg verification passed.
2026-08-20 17:21:56,938 [INFO] youtube_downloader: Analyzing URL (POST): https://youtu.be/VnCSUt5_keE?si=ZU2POy-SsdTD5_q8
2026-08-20 17:21:56,946 [INFO] youtube_downloader: FFmpeg is available in system PATH.
2026-08-20 17:22:07,833 [INFO] youtube_downloader: Scheduling download for: https://youtu.be/VnCSUt5_keE?si=ZU2POy-SsdTD5_q8 | format=mp3 | quality=320
2026-08-20 17:22:07,835 [INFO] youtube_downloader: Task 2df18811-ba71-4a35-8346-0a9b3cea1c5e updated: status=preparing, progress=0.0%, error=None
2026-08-20 17:22:07,837 [INFO] youtube_downloader: Task 2df18811-ba71-4a35-8346-0a9b3cea1c5e updated: status=preparing, progress=0.0%, error=None
2026-08-20 17:22:07,856 [INFO] youtube_downloader: FFmpeg is available in system PATH.
2026-08-20 17:22:07,857 [INFO] youtube_downloader: Task 2df18811-ba71-4a35-8346-0a9b3cea1c5e updated: status=fetching video information, progress=5.0%, error=None
2026-08-20 17:22:12,398 [INFO] youtube_downloader: Task 2df18811-ba71-4a35-8346-0a9b3cea1c5e updated: status=fetching thumbnail, progress=8.0%, error=None
2026-08-20 17:22:14,194 [INFO] youtube_downloader: Running FFmpeg command: ffmpeg -y -i C:\Users\admin\Desktop\youtube-downloader\temp\2df18811-ba71-4a35-8346-0a9b3cea1c5e\thumb_raw C:\Users\admin\Desktop\youtube-downloader\temp\2df18811-ba71-4a35-8346-0a9b3cea1c5e\thumb.jpg
2026-08-20 17:22:14,577 [INFO] youtube_downloader: Successfully standardized downloaded thumbnail to JPEG.
2026-08-20 17:22:14,597 [INFO] youtube_downloader: Task 2df18811-ba71-4a35-8346-0a9b3cea1c5e updated: status=downloading audio, progress=10.0%, error=None
2026-08-20 17:22:19,487 [INFO] youtube_downloader: Task 2df18811-ba71-4a35-8346-0a9b3cea1c5e updated: status=downloading (0.0 MB), progress=10.0%, error=None
2026-08-20 17:22:19,492 [INFO] youtube_downloader: Task 2df18811-ba71-4a35-8346-0a9b3cea1c5e updated: status=downloading (0.0 MB), progress=10.1%, error=None
2026-08-20 17:22:19,496 [INFO] youtube_downloader: Task 2df18811-ba71-4a35-8346-0a9b3cea1c5e updated: status=downloading (0.0 MB), progress=10.1%, error=None
2026-08-20 17:22:19,502 [INFO] youtube_downloader: Task 2df18811-ba71-4a35-8346-0a9b3cea1c5e updated: status=downloading (0.0 MB), progress=10.3%, error=None
2026-08-20 17:22:19,508 [INFO] youtube_downloader: Task 2df18811-ba71-4a35-8346-0a9b3cea1c5e updated: status=downloading (0.0 MB), progress=10.6%, error=None
2026-08-20 17:22:19,514 [INFO] youtube_downloader: Task 2df18811-ba71-4a35-8346-0a9b3cea1c5e updated: status=downloading (0.1 MB), progress=11.3%, error=None
2026-08-20 17:22:19,519 [INFO] youtube_downloader: Task 2df18811-ba71-4a35-8346-0a9b3cea1c5e updated: status=downloading (0.1 MB), progress=12.7%, error=None
2026-08-20 17:22:19,529 [INFO] youtube_downloader: Task 2df18811-ba71-4a35-8346-0a9b3cea1c5e updated: status=downloading (0.2 MB), progress=15.3%, error=None
2026-08-20 17:22:19,547 [INFO] youtube_downloader: Task 2df18811-ba71-4a35-8346-0a9b3cea1c5e updated: status=downloading (0.5 MB), progress=20.7%, error=None
2026-08-20 17:22:19,573 [INFO] youtube_downloader: Task 2df18811-ba71-4a35-8346-0a9b3cea1c5e updated: status=downloading (1.0 MB), progress=31.4%, error=None
2026-08-20 17:22:19,609 [INFO] youtube_downloader: Task 2df18811-ba71-4a35-8346-0a9b3cea1c5e updated: status=downloading (2.0 MB), progress=52.7%, error=None
2026-08-20 17:22:19,688 [INFO] youtube_downloader: Task 2df18811-ba71-4a35-8346-0a9b3cea1c5e updated: status=downloading (3.0 MB), progress=75.0%, error=None
2026-08-20 17:22:19,694 [INFO] youtube_downloader: Task 2df18811-ba71-4a35-8346-0a9b3cea1c5e updated: status=processing, progress=75.0%, error=None
2026-08-20 17:22:19,834 [INFO] youtube_downloader: Task 2df18811-ba71-4a35-8346-0a9b3cea1c5e updated: status=processing (converting to MP3), progress=80.0%, error=None
2026-08-20 17:22:19,834 [INFO] youtube_downloader: Running FFmpeg command: ffmpeg -y -i C:\Users\admin\Desktop\youtube-downloader\temp\2df18811-ba71-4a35-8346-0a9b3cea1c5e\audio.webm -b:a 320k -vn C:\Users\admin\Desktop\youtube-downloader\temp\2df18811-ba71-4a35-8346-0a9b3cea1c5e\output.mp3
2026-08-20 17:22:34,049 [INFO] youtube_downloader: Task 2df18811-ba71-4a35-8346-0a9b3cea1c5e updated: status=embedding thumbnail & tags, progress=90.0%, error=None
2026-08-20 17:22:34,104 [INFO] youtube_downloader: Successfully embedded MP3 metadata and ID3v2.3 artwork for output.mp3
2026-08-20 17:22:34,145 [INFO] youtube_downloader: Task 2df18811-ba71-4a35-8346-0a9b3cea1c5e updated: status=finalizing, progress=95.0%, error=None
2026-08-20 17:22:34,151 [INFO] youtube_downloader: Task 2df18811-ba71-4a35-8346-0a9b3cea1c5e updated: status=ready, progress=100.0%, error=None
2026-08-20 17:22:34,161 [INFO] youtube_downloader: Cleaned up temporary workspace: C:\Users\admin\Desktop\youtube-downloader\temp\2df18811-ba71-4a35-8346-0a9b3cea1c5e
2026-08-20 17:22:35,615 [INFO] youtube_downloader: Cleaned up served download file: C:\Users\admin\Desktop\youtube-downloader\downloads\AAYA HAI RAJA BOUNCE MIX MK DJ Vijay Remix Powerful DJ Remix 2026 🔥🔊📌.mp3
2026-08-20 17:46:52,167 [INFO] youtube_downloader: Initializing application and checking dependencies...
2026-08-20 17:46:52,188 [INFO] youtube_downloader: FFmpeg is available in local bin folder: C:\Users\admin\Desktop\youtube-downloader\bin
2026-08-20 17:46:52,189 [INFO] youtube_downloader: FFmpeg verification passed.
